job_id,company,title,location,job_url,date_posted,source,collected_at,department,employment_type,remote_status,skills,function,seniority,remote_classification,salary_min,salary_max,salary_currency
workday:wpengine:JR102834,WP Engine,"Sales Account Executive, Key",Austin,https://wpengine.wd1.myworkdayjobs.com/WP_Engine/job/Austin/Sales-Account-Executive--Key_JR102834,2026-08-27,workday,2026-09-01T03:52:09Z,,,,Salesforce; WordPress,Sales,Unknown,On-site,,,
workday:wpengine:JR102849,WP Engine,Internal Communications Intern,Austin,https://wpengine.wd1.myworkdayjobs.com/WP_Engine/job/Austin/Internal-Communications-Intern_JR102849,2026-08-27,workday,2026-09-01T03:52:09Z,,,,WordPress,Marketing,Intern,On-site,,,
workday:wpengine:JR102830,WP Engine,Business Development Rep,Austin,https://wpengine.wd1.myworkdayjobs.com/WP_Engine/job/Austin/Business-Development-Rep_JR102830,2026-08-26,workday,2026-09-01T03:52:09Z,,,,Salesforce; WordPress,Sales,Unknown,On-site,,,
workday:wpengine:JR102837,WP Engine,Sales Development Manager,Austin,https://wpengine.wd1.myworkdayjobs.com/WP_Engine/job/Austin/Sales-Development-Manager_JR102837,2026-08-26,workday,2026-09-01T03:52:09Z,,,,B2B Sales; Salesforce; WordPress,Sales,Manager,On-site,,,
workday:wpengine:JR102841,WP Engine,Lead Field & Events Marketing Manager,2 Locations,https://wpengine.wd1.myworkdayjobs.com/WP_Engine/job/Austin/Principal-Field---Events-Marketing-Manager_JR102841,2026-08-26,workday,2026-09-01T03:52:09Z,,,,HubSpot; Project Management; Salesforce; WordPress,Marketing,Manager,On-site,,,
workday:wpengine:JR102840,WP Engine,Senior Sales Enablement Facilitator,Austin,https://wpengine.wd1.myworkdayjobs.com/WP_Engine/job/Austin/Senior-Sales-Enablement-Facilitator_JR102840,2026-08-11,workday,2026-09-01T03:52:09Z,,,,WordPress,Sales,Senior,On-site,,,
workday:wpengine:JR102821,WP Engine,"Senior Principal, Product Marketing — AI & Emerging Products",2 Locations,https://wpengine.wd1.myworkdayjobs.com/WP_Engine/job/London/Senior-Principal--Product-Marketing---AI---Emerging-Products_JR102821,2026-08-10,workday,2026-09-01T03:52:09Z,,,,Customer Success; Product Management; WordPress,AI / Machine Learning,Lead / Staff,On-site,,,
workday:wpengine:JR102832,WP Engine,Agency Account Manager,Austin,https://wpengine.wd1.myworkdayjobs.com/WP_Engine/job/Austin/Reseller-Account-Manager_JR102832,2026-08-07,workday,2026-09-01T03:52:09Z,,,,Account Management; HubSpot; Salesforce; WordPress,Customer Success,Manager,On-site,,,
workday:wpengine:JR102800,WP Engine,Principal Global Compensation Manager,34 Locations,https://wpengine.wd1.myworkdayjobs.com/WP_Engine/job/WFH---Texas/Principal-Compensation-Analyst_JR102800,2026-07-22,workday,2026-09-01T03:52:09Z,,,,WordPress,Other,Manager,On-site,,,
workday:wpengine:JR102823,WP Engine,"Senior Software Engineer, Platform",2 Locations,https://wpengine.wd1.myworkdayjobs.com/WP_Engine/job/Krakow/Senior-Software-Engineer--Platform_JR102823,2026-07-17,workday,2026-09-01T03:52:09Z,,,,AWS; CI/CD; Datadog; Docker; Go; Google Cloud; Kubernetes; Observability; OpenTelemetry; PHP; Prometheus; Python; Ruby; SQL; Technical Support; Terraform; WordPress,Engineering,Senior,On-site,,,
workday:wpengine:JR102815,WP Engine,Software Engineer,2 Locations,https://wpengine.wd1.myworkdayjobs.com/WP_Engine/job/Krakow/Software-Engineer_JR102815,2026-07-15,workday,2026-09-01T03:52:09Z,,,,AWS; CI/CD; Datadog; Docker; Git; Go; Google Cloud; Kubernetes; MySQL; Observability; OpenTelemetry; PHP; PostgreSQL; Prometheus; Python; Ruby; SQL; Terraform; WordPress,Engineering,Unknown,On-site,,,
greenhouse:automattic:6381135,Automattic,"Account Executive, Public Sector",,https://automattic.com/work-with-us/job/account-executive-public-sector/,,automattic,2026-09-01T03:52:09Z,WordPress VIP,,,Salesforce; WooCommerce; WordPress; WordPress VIP,Sales,Unknown,Unknown,,,
greenhouse:automattic:5867610,Automattic,"Account Executive, WordPress VIP",,https://automattic.com/work-with-us/job/account-executive-wordpress-vip/,,automattic,2026-09-01T03:52:09Z,WordPress VIP,,,Salesforce; WooCommerce; WordPress; WordPress VIP,Sales,Unknown,Unknown,,,
greenhouse:automattic:7585684,Automattic,"Customer Success Engineer, VIP",,https://automattic.com/work-with-us/job/customer-success-engineer-vip/,,automattic,2026-09-01T03:52:09Z,WordPress VIP,,,Customer Success; DNS; Git; Incident Response; JavaScript; Observability; PHP; Salesforce; Technical Support; WP-CLI; WooCommerce; WordPress; WordPress VIP,Customer Success,Unknown,Unknown,,,
greenhouse:automattic:6894268,Automattic,"Director of Strategic Partnerships, WooCommerce",,https://automattic.com/work-with-us/job/director-of-strategic-partnerships-woocommerce/,,automattic,2026-09-01T03:52:09Z,WooCommerce,,,Partnerships; Salesforce; WooCommerce; WordPress; WordPress VIP,Other,Director,Unknown,,,
greenhouse:automattic:8076786,Automattic,Executive Assistant to CEO,,https://automattic.com/work-with-us/job/executive-assistant-to-ceo/,,automattic,2026-09-01T03:52:09Z,Automattic,,,WooCommerce; WordPress,Operations,Executive,Unknown,,,
greenhouse:automattic:5862239,Automattic,Experienced Software Engineer,,https://automattic.com/work-with-us/job/experienced-software-engineer/,,automattic,2026-09-01T03:52:09Z,,,,CI/CD; Gutenberg; JavaScript; PHP; WooCommerce; WordPress,Engineering,Unknown,Unknown,,,
greenhouse:automattic:7889285,Automattic,"Global Account Director, Payment Partnerships - WooCommerce",,https://automattic.com/work-with-us/job/global-account-director-payment-partnerships-woocommerce/,,automattic,2026-09-01T03:52:09Z,WooCommerce,,,Account Management; Partnerships; Salesforce; WooCommerce; WordPress; WordPress VIP,Other,Director,Unknown,,,
greenhouse:automattic:7796540,Automattic,"Product Manager, Growth & Analytics, Beeper",,https://automattic.com/work-with-us/job/product-manager-growth-analytics-beeper/,,automattic,2026-09-01T03:52:09Z,Automattic,,,Product Management; SQL; WooCommerce; WordPress,Data / Analytics,Manager,Unknown,,,
greenhouse:automattic:8073186,Automattic,"Sales Account Executive, Pressable",,https://automattic.com/work-with-us/job/sales-account-executive-pressable/,,automattic,2026-09-01T03:52:09Z,Pressable,,,Account Management; HubSpot; WooCommerce; WordPress,Sales,Unknown,Unknown,,,
greenhouse:automattic:7946386,Automattic,"Senior Manager, Demand Generation, WordPress VIP",,https://automattic.com/work-with-us/job/senior-manager-demand-generation-wordpress-vip/,,automattic,2026-09-01T03:52:09Z,WordPress VIP,,,AI Agents; Customer Success; HubSpot; LLMs; Looker; Salesforce; Tableau; WooCommerce; WordPress; WordPress VIP,Marketing,Manager,Unknown,,,
greenhouse:automattic:7482826,Automattic,"Senior Partner Manager, Enterprise",,https://automattic.com/work-with-us/job/senior-partner-manager-enterprise/,,automattic,2026-09-01T03:52:09Z,Automattic for Agencies,,,Customer Success; Partnerships; WooCommerce; WordPress; WordPress VIP,Other,Manager,Unknown,,,
greenhouse:automattic:7482858,Automattic,"Senior Product Manager, Payments",,https://automattic.com/work-with-us/job/senior-product-manager-payments/,,automattic,2026-09-01T03:52:09Z,WooCommerce,,,Partnerships; WooCommerce; WordPress,Product,Manager,Unknown,,,
greenhouse:automattic:7475345,Automattic,Senior Revenue Operations Manager,,https://automattic.com/work-with-us/job/senior-revenue-operations-manager/,,automattic,2026-09-01T03:52:09Z,WooCommerce,,,Customer Success; Python; SQL; Salesforce; WooCommerce; WordPress,Sales,Manager,Unknown,,,
greenhouse:automattic:8077926,Automattic,"Senior Sales Account Executive, Pressable",,https://automattic.com/work-with-us/job/senior-sales-account-executive-pressable/,,automattic,2026-09-01T03:52:09Z,Pressable,,,Account Management; HubSpot; WooCommerce; WordPress,Sales,Senior,Unknown,,,
greenhouse:automattic:5980233,Automattic,Senior Systems Engineer,,https://automattic.com/work-with-us/job/senior-systems-engineer/,,automattic,2026-09-01T03:52:09Z,Systems,,,Load Balancing; MariaDB; MySQL; Nginx; Observability; PHP; WooCommerce; WordPress,Infrastructure / SRE,Senior,Unknown,,,
greenhouse:automattic:7875064,Automattic,"Support Engineer, VIP",,https://automattic.com/work-with-us/job/support-engineer-vip/,,automattic,2026-09-01T03:52:09Z,WordPress VIP,,,Customer Success; DNS; Git; Gutenberg; JavaScript; Observability; PHP; Salesforce; Technical Support; WP-CLI; WooCommerce; WordPress; WordPress VIP,Customer Support,Unknown,Unknown,,,
greenhouse:automattic:6458591,Automattic,"Technical Account Manager, Automattic Special Projects Team",,https://automattic.com/work-with-us/job/technical-account-manager-automattic-special-projects-team/,,automattic,2026-09-01T03:52:09Z,Automattic,,,Customer Success; DNS; Product Management; Project Management; SEO; WooCommerce; WordPress,Customer Success,Manager,Unknown,,,
greenhouse:automattic:5442133,Automattic,"Technical Account Manager, Newspack",,https://automattic.com/work-with-us/job/technical-account-manager-newspack/,,automattic,2026-09-01T03:52:09Z,Newspack,,,Account Management; Customer Success; PHP; Partnerships; Project Management; Technical Support; WooCommerce; WordPress,Customer Success,Manager,Unknown,,,
greenhouse:automattic:6251601,Automattic,Join Automattic’s Extraordinary Talent Community,,https://automattic.com/work-with-us/job/join-automattics-extraordinary-talent-community/,,automattic,2026-09-01T03:52:09Z,,,,WooCommerce; WordPress,HR / People,Unknown,Remote,,,
greenhouse:pressable:8077929,Pressable,Sales Account Executive,Remote,https://job-boards.greenhouse.io/pressable/jobs/8077929,2026-07-21T16:32:29-04:00,greenhouse,2026-09-01T03:52:09Z,Business Development Representative,,,Account Management; HubSpot; WooCommerce; WordPress,Sales,Unknown,Remote,,,
greenhouse:pressable:8077931,Pressable,Senior Sales Account Executive,Remote,https://job-boards.greenhouse.io/pressable/jobs/8077931,2026-07-21T17:58:12-04:00,greenhouse,2026-09-01T03:52:09Z,Business Development Representative,,,Account Management; HubSpot; WooCommerce; WordPress,Sales,Senior,Remote,,,
greenhouse:pantheon:8144533,Pantheon,Engineering Manager,Canada (Remote),https://pantheon.io/about/careers/detail?gh_jid=8144533,2026-08-20T12:45:16-04:00,greenhouse,2026-09-01T03:52:09Z,Engineering,,,AI Agents; AWS; Account Management; Elasticsearch; Go; Google Cloud; GraphQL; Microsoft Azure; Next.js; Python; Terraform; WordPress,Engineering,Manager,Remote,,,
greenhouse:pantheon:8144542,Pantheon,Engineering Manager,United States (remote),https://pantheon.io/about/careers/detail?gh_jid=8144542,2026-08-20T12:45:17-04:00,greenhouse,2026-09-01T03:52:09Z,Engineering,,,AI Agents; AWS; Account Management; Elasticsearch; Go; Google Cloud; GraphQL; Microsoft Azure; Next.js; Python; Terraform; WordPress,Engineering,Manager,Remote,,,
greenhouse:pantheon:7736696,Pantheon,Executive Assistant,"Chicago, IL, USA",https://pantheon.io/about/careers/detail?gh_jid=7736696,2026-03-19T17:18:54-04:00,greenhouse,2026-09-01T03:52:09Z,General & Administrative,,,Project Management; WordPress,Operations,Unknown,On-site,,,
greenhouse:pantheon:8106304,Pantheon,Founding Ecosystem Engineer,United States (Remote),https://pantheon.io/about/careers/detail?gh_jid=8106304,2026-08-04T15:17:02-04:00,greenhouse,2026-09-01T03:52:09Z,Sales,,,GraphQL; JavaScript; Next.js; React; WordPress,Infrastructure / SRE,Unknown,Remote,,,
greenhouse:pantheon:8044780,Pantheon,Global Employee Experience Specialist,"Vancouver, BC, Canada, San Francisco Bay Area, CA, US, Chicago, IL, US",https://pantheon.io/about/careers/detail?gh_jid=8044780,2026-07-06T17:40:53-04:00,greenhouse,2026-09-01T03:52:09Z,People,,,WordPress,Other,Unknown,On-site,,,
greenhouse:pantheon:8060753,Pantheon,GTM Systems Administrator,United States (Remote),https://pantheon.io/about/careers/detail?gh_jid=8060753,2026-07-14T13:20:59-04:00,greenhouse,2026-09-01T03:52:09Z,Finance & Accounting,,,HubSpot; WordPress,Finance,Unknown,Remote,,,
greenhouse:pantheon:8092945,Pantheon,IT & Business Systems Delivery Lead,United States (Remote),https://pantheon.io/about/careers/detail?gh_jid=8092945,2026-07-29T12:25:33-04:00,greenhouse,2026-09-01T03:52:09Z,Information Technology,,,WordPress,Other,Lead / Staff,Remote,,,
greenhouse:pantheon:7958582,Pantheon,Product Marketing Manager,"United States (Remote) , Canada (Remote)",https://pantheon.io/about/careers/detail?gh_jid=7958582,2026-05-26T16:17:40-04:00,greenhouse,2026-09-01T03:52:09Z,Product Marketing,,,Product Management; Salesforce; WordPress,Marketing,Manager,Remote,,,
greenhouse:pantheon:8036474,Pantheon,Sales Engineer,United States (Remote),https://pantheon.io/about/careers/detail?gh_jid=8036474,2026-06-30T17:47:06-04:00,greenhouse,2026-09-01T03:52:09Z,Sales,,,JavaScript; Next.js; WordPress,Sales,Unknown,Remote,,,
greenhouse:pantheon:8056238,Pantheon,Senior Analytics Engineer,Canada ,https://pantheon.io/about/careers/detail?gh_jid=8056238,2026-07-10T17:12:50-04:00,greenhouse,2026-09-01T03:52:09Z,Finance & Accounting,,,CI/CD; Git; GitHub Actions; Looker; SQL; Salesforce; Snowflake; WordPress; dbt,Data / Analytics,Senior,On-site,,,
greenhouse:pantheon:8056205,Pantheon,Senior Analytics Engineer,United States (Remote),https://pantheon.io/about/careers/detail?gh_jid=8056205,2026-07-10T17:12:49-04:00,greenhouse,2026-09-01T03:52:09Z,Finance & Accounting,,,CI/CD; Git; GitHub Actions; Looker; SQL; Salesforce; Snowflake; WordPress; dbt,Data / Analytics,Senior,Remote,,,
greenhouse:pantheon:8029559,Pantheon,Senior GTM Growth Marketer,United States (Remote),https://pantheon.io/about/careers/detail?gh_jid=8029559,2026-06-26T16:47:47-04:00,greenhouse,2026-09-01T03:52:09Z,Sales,,,WordPress,Marketing,Senior,Remote,,,
greenhouse:pantheon:7998061,Pantheon,"Senior Product Manager, Next.js Platform",Canada (Remote),https://pantheon.io/about/careers/detail?gh_jid=7998061,2026-06-10T17:54:28-04:00,greenhouse,2026-09-01T03:52:09Z,Product,,,Cloudflare; Next.js; Product Management; React; WordPress,Product,Manager,Remote,,,
greenhouse:pantheon:7998059,Pantheon,"Senior Product Manager, Next.js Platform",United States (Remote),https://pantheon.io/about/careers/detail?gh_jid=7998059,2026-06-10T17:54:27-04:00,greenhouse,2026-09-01T03:52:09Z,Product,,,Cloudflare; Next.js; Product Management; React; WordPress,Product,Manager,Remote,,,
greenhouse:pantheon:7843250,Pantheon,Senior Software Engineer - Collaborative Web Platform,United States (Remote),https://pantheon.io/about/careers/detail?gh_jid=7843250,2026-04-22T17:36:52-04:00,greenhouse,2026-09-01T03:52:09Z,Engineering,,,AWS; CDN; Google Cloud; GraphQL; Microsoft Azure; Next.js; WordPress,Engineering,Senior,Remote,,,
greenhouse:pantheon:8024927,Pantheon,Senior Software Engineer - New Customer Experience,United States (Remote),https://pantheon.io/about/careers/detail?gh_jid=8024927,2026-06-23T17:51:15-04:00,greenhouse,2026-09-01T03:52:09Z,Engineering,,,AWS; Go; Google Cloud; GraphQL; JavaScript; Kubernetes; Next.js; Python; Terraform; WordPress,Engineering,Senior,Remote,,,
greenhouse:pantheon:8009175,Pantheon,Senior Software Engineer - New Customer Experience,Canada (Remote),https://pantheon.io/about/careers/detail?gh_jid=8009175,2026-06-15T21:24:46-04:00,greenhouse,2026-09-01T03:52:09Z,Engineering,,,AWS; Go; Google Cloud; GraphQL; JavaScript; Kubernetes; Next.js; Python; Terraform; WordPress,Engineering,Senior,Remote,,,
greenhouse:pantheon:7647311,Pantheon,Software Engineer II - Data Platform,Canada (Remote),https://pantheon.io/about/careers/detail?gh_jid=7647311,2026-02-24T02:29:08-05:00,greenhouse,2026-09-01T03:52:09Z,Engineering,,,CI/CD; Docker; Git; Go; Kubernetes; Looker; Machine Learning; MySQL; Observability; PostgreSQL; Python; SQL; Snowflake; Terraform; WordPress; dbt,Engineering,Mid Level,Remote,,,
greenhouse:pantheon:8039985,Pantheon,Software Engineer II - Data Platform,United States (Remote),https://pantheon.io/about/careers/detail?gh_jid=8039985,2026-06-30T19:08:20-04:00,greenhouse,2026-09-01T03:52:09Z,Engineering,,,CI/CD; Docker; Git; Go; Kubernetes; Looker; Machine Learning; MySQL; Observability; PostgreSQL; Python; SQL; Snowflake; Terraform; WordPress; dbt,Engineering,Mid Level,Remote,,,
greenhouse:pantheon:8075768,Pantheon,Sr. Manager of RevOps - Marketing,United States (Remote),https://pantheon.io/about/careers/detail?gh_jid=8075768,2026-07-21T16:52:13-04:00,greenhouse,2026-09-01T03:52:09Z,Finance & Accounting,,,Project Management; WordPress,Marketing,Manager,Remote,,,
greenhouse:pantheon:8037598,Pantheon,Staff Security Engineer - Security Operations,"Dublin, Ireland",https://pantheon.io/about/careers/detail?gh_jid=8037598,2026-06-30T00:59:50-04:00,greenhouse,2026-09-01T03:52:09Z,Information Security,,,AWS; Bash; GDPR; Google Cloud; Incident Response; Observability; PCI DSS; Python; SIEM; SOC 2,Security,Lead / Staff,On-site,,,
greenhouse:pantheon:8142095,Pantheon,Staff Security Engineer - Security Operations,United Kingdom,https://pantheon.io/about/careers/detail?gh_jid=8142095,2026-08-19T13:15:47-04:00,greenhouse,2026-09-01T03:52:09Z,Information Security,,,AWS; Bash; GDPR; Google Cloud; Incident Response; Observability; PCI DSS; Python; SIEM; SOC 2,Security,Lead / Staff,On-site,,,
greenhouse:pantheon:7829354,Pantheon,Staff Software Engineer - Collaborative Web Platform,United States (Remote),https://pantheon.io/about/careers/detail?gh_jid=7829354,2026-04-19T18:53:14-04:00,greenhouse,2026-09-01T03:52:09Z,Engineering,,,AWS; CDN; Cloudflare; Google Cloud; GraphQL; Microsoft Azure; Next.js; Observability; WordPress,Engineering,Lead / Staff,Remote,,,
greenhouse:pantheon:8017939,Pantheon,Staff Software Engineer - Collaborative Web Platform,Canada (Remote),https://pantheon.io/about/careers/detail?gh_jid=8017939,2026-06-19T01:01:38-04:00,greenhouse,2026-09-01T03:52:09Z,Engineering,,,AWS; CDN; Cloudflare; Google Cloud; GraphQL; Microsoft Azure; Next.js; Observability; WordPress,Engineering,Lead / Staff,Remote,,,
greenhouse:pantheon:8054337,Pantheon,Staff Software Engineer - Data Platform,United States (Remote),https://pantheon.io/about/careers/detail?gh_jid=8054337,2026-07-09T16:27:53-04:00,greenhouse,2026-09-01T03:52:09Z,Engineering,,,CI/CD; Docker; Google Cloud; Kubernetes; LLMs; Machine Learning; Observability; Python; Snowflake; Terraform; WordPress,Engineering,Lead / Staff,Remote,,,
greenhouse:pantheon:8056102,Pantheon,Staff Software Engineer - Data Platform,Canada (Remote),https://pantheon.io/about/careers/detail?gh_jid=8056102,2026-08-07T17:45:50-04:00,greenhouse,2026-09-01T03:52:09Z,Engineering,,,CI/CD; Docker; Google Cloud; Kubernetes; LLMs; Machine Learning; Observability; Python; Snowflake; Terraform; WordPress,Engineering,Lead / Staff,Remote,,,
greenhouse:pantheon:8017621,Pantheon,Technical Operations Manager,"Canada, remote",https://pantheon.io/about/careers/detail?gh_jid=8017621,2026-06-18T20:34:16-04:00,greenhouse,2026-09-01T03:52:09Z,Product,,,JavaScript; Python; WordPress,Operations,Manager,Remote,,,
lever:kinsta:44982157-55fc-42e7-b5ce-3f8bfc3f65c7,Kinsta,Senior Product Designer,Budapest,https://jobs.lever.co/kinsta/44982157-55fc-42e7-b5ce-3f8bfc3f65c7,2026-08-07,lever,2026-09-01T03:52:09Z,Product Design,Full-time Remote,Remote,Product Management; WordPress,Design,Senior,Remote,,,
lever:siteground:306623b7-b077-484c-a997-c5b5e96aef6b,SiteGround,Web - Graphic Designer,Sofia,https://jobs.lever.co/siteground/306623b7-b077-484c-a997-c5b5e96aef6b,2025-10-09,lever,2026-09-01T03:52:09Z,Web Designers,Full-time,Hybrid,,Design,Unknown,Hybrid,,,
greenhouse:godaddy:7728168003,GoDaddy,Aftermarket - Technical Support I,Bulgaria,https://careers.godaddy/jobs?gh_jid=7728168003,2026-05-19T04:18:24-04:00,greenhouse,2026-09-01T03:52:09Z,Aftermarket,,,DNS; Salesforce; Technical Support,Customer Support,Entry Level,On-site,,,
greenhouse:godaddy:7242446003,GoDaddy,Commerce Lifecycle Marketing Manager,Canada,https://careers.godaddy/jobs?gh_jid=7242446003,2025-11-04T07:59:22-05:00,greenhouse,2026-09-01T03:52:09Z,Marketing,,,Project Management; SQL; Salesforce,Marketing,Manager,On-site,,,
greenhouse:godaddy:7823365003,GoDaddy,Contract Lifecycle Management Engineer,India,https://careers.godaddy/jobs?gh_jid=7823365003,2026-08-20T07:51:04-04:00,greenhouse,2026-09-01T03:52:09Z,IT Ops,,,JavaScript; Python; SQL,Engineering,Unknown,On-site,,,
greenhouse:godaddy:7836166003,GoDaddy,Data Center Technician,France,https://careers.godaddy/jobs?gh_jid=7836166003,2026-08-24T11:13:20-04:00,greenhouse,2026-09-01T03:52:09Z,Data Center,,,Bash; DNS; Linux; Python,Infrastructure / SRE,Unknown,On-site,,,
greenhouse:godaddy:7978472003,GoDaddy,Director Commerce Support,United States,https://careers.godaddy/jobs?gh_jid=7978472003,2026-08-28T12:13:07-04:00,greenhouse,2026-09-01T03:52:09Z,Care Sales,,,Customer Success,Customer Support,Director,On-site,,,
greenhouse:godaddy:7823078003,GoDaddy,Director of Engineering Identity Platform,United States,https://careers.godaddy/jobs?gh_jid=7823078003,2026-08-06T11:14:14-04:00,greenhouse,2026-09-01T03:52:09Z,ManagerCore,,,AWS; GraphQL; Incident Response; Java; Observability; Python; React,Engineering,Director,On-site,,,
greenhouse:godaddy:7682449003,GoDaddy,Director Product  - Developer Experience and UX Platform,Ontario,https://careers.godaddy/jobs?gh_jid=7682449003,2026-07-31T03:57:33-04:00,greenhouse,2026-09-01T03:52:09Z,Product Management,,,CI/CD; LLMs; Observability; Product Management,Design,Director,On-site,,,
greenhouse:godaddy:7978332003,GoDaddy,Inbound Sales Guide,"Nottingham, England, United Kingdom",https://careers.godaddy/jobs?gh_jid=7978332003,2026-08-28T11:36:22-04:00,greenhouse,2026-09-01T03:52:09Z,Care Sales,,,,Sales,Unknown,On-site,,,
greenhouse:godaddy:6690965003,GoDaddy,Lead Site Reliability Engineer - Ceph Storage,United States,https://careers.godaddy/jobs?gh_jid=6690965003,2025-09-25T13:57:53-04:00,greenhouse,2026-09-01T03:52:09Z,IT Ops,,,Ansible; Go; Kubernetes; Observability; Python; Terraform; WordPress Multisite,Infrastructure / SRE,Lead / Staff,On-site,,,
greenhouse:godaddy:7823080003,GoDaddy,Lead UX Designer,Serbia,https://careers.godaddy/jobs?gh_jid=7823080003,2026-08-11T17:53:28-04:00,greenhouse,2026-09-01T03:52:09Z,User Experience,,,Product Management,Design,Lead / Staff,On-site,,,
greenhouse:godaddy:5240599003,GoDaddy,New Opportunities with GoDaddy,United States,https://careers.godaddy/jobs?gh_jid=5240599003,2022-07-26T17:18:20-04:00,greenhouse,2026-09-01T03:52:09Z,,,,,Other,Unknown,On-site,,,
greenhouse:godaddy:6646397003,GoDaddy,Principal Engineer Cryptography,United States,https://careers.godaddy/jobs?gh_jid=6646397003,2025-07-21T22:52:35-04:00,greenhouse,2026-09-01T03:52:09Z,Engineering,,,AWS; Ansible; C++; CI/CD; Go; Google Cloud; Java; Kubernetes; Microsoft Azure; Observability; Python; Terraform,Engineering,Lead / Staff,On-site,,,
greenhouse:godaddy:7796115003,GoDaddy,Product Manager,India,https://careers.godaddy/jobs?gh_jid=7796115003,2026-07-21T12:04:05-04:00,greenhouse,2026-09-01T03:52:09Z,Product Management,,,Product Management,Product,Manager,On-site,,,
greenhouse:godaddy:7735908003,GoDaddy,Salesforce Admin – Systems,"Gurugram, Haryana, India",https://careers.godaddy/jobs?gh_jid=7735908003,2026-06-08T15:21:34-04:00,greenhouse,2026-09-01T03:52:09Z,IT Ops,,,Observability; Salesforce,Sales,Unknown,On-site,,,
greenhouse:godaddy:7863287003,GoDaddy,Senior Accountant,India,https://careers.godaddy/jobs?gh_jid=7863287003,2026-08-27T07:42:54-04:00,greenhouse,2026-09-01T03:52:09Z,Finance & Accounting,,,SQL,Finance,Senior,On-site,,,
greenhouse:godaddy:7447658003,GoDaddy,"Senior AI, Automation & Analytics - Assurance, Risk and Compliance (ARC)",India,https://careers.godaddy/jobs?gh_jid=7447658003,2025-10-13T00:34:07-04:00,greenhouse,2026-09-01T03:52:09Z,Finance & Accounting,,,AWS; CI/CD; Generative AI; Observability; Power BI; Python; Risk Management; SQL,AI / Machine Learning,Senior,On-site,,,
greenhouse:godaddy:7674575003,GoDaddy,Senior Backend Software Engineer,Colombia,https://careers.godaddy/jobs?gh_jid=7674575003,2026-04-06T01:39:09-04:00,greenhouse,2026-09-01T03:52:09Z,Engineering,,,AWS; CI/CD; Java; LLMs; Observability; Prompt Engineering; RAG; SQL; Salesforce; TypeScript,Engineering,Senior,On-site,,,
greenhouse:godaddy:7823082003,GoDaddy,Senior Cloud Network Security Engineer,India,https://careers.godaddy/jobs?gh_jid=7823082003,2026-08-25T09:23:40-04:00,greenhouse,2026-09-01T03:52:09Z,IT Ops,,,AWS; CI/CD; Go; ISO 27001; Incident Response; Java; Observability; PCI DSS; Python; SOC 2; Terraform,Security,Senior,On-site,,,
greenhouse:godaddy:7735915003,GoDaddy,Senior Manager System Engineering,Colombia,https://careers.godaddy/jobs?gh_jid=7735915003,2026-06-02T14:44:50-04:00,greenhouse,2026-09-01T03:52:09Z,ManagerCore,,,AWS; Databricks; Incident Response; LLMs; Observability,Infrastructure / SRE,Manager,On-site,,,
greenhouse:godaddy:7786998003,GoDaddy,Senior Motion Designer,Canada,https://careers.godaddy/jobs?gh_jid=7786998003,2026-07-17T18:08:15-04:00,greenhouse,2026-09-01T03:52:09Z,User Experience,,,,Design,Senior,On-site,,,
greenhouse:godaddy:7820547003,GoDaddy,Senior Security Engineer,United States,https://careers.godaddy/jobs?gh_jid=7820547003,2026-08-04T13:24:44-04:00,greenhouse,2026-09-01T03:52:09Z,IT Ops,,,AWS; Bash; Incident Response; LLMs; Linux; Machine Learning; Python,Security,Senior,On-site,,,
greenhouse:godaddy:7820529003,GoDaddy,Senior Site Reliability Engineer,Bulgaria,https://careers.godaddy/jobs?gh_jid=7820529003,2026-08-04T04:31:22-04:00,greenhouse,2026-09-01T03:52:09Z,IT Ops,,,Ansible; Bash; CI/CD; DNS; Docker; Generative AI; GitHub Actions; Grafana; Incident Response; Jenkins; Kubernetes; LLMs; Linux; Machine Learning; Observability; Prometheus; Python; Terraform,Infrastructure / SRE,Senior,On-site,,,
greenhouse:godaddy:7882553003,GoDaddy,Senior Site Reliability Engineer - Cloud Platform,"British Columbia, Canada",https://careers.godaddy/jobs?gh_jid=7882553003,2026-08-24T13:59:32-04:00,greenhouse,2026-09-01T03:52:09Z,IT Ops,,,AWS; CI/CD; Incident Response; Linux; Observability; Python,Infrastructure / SRE,Senior,On-site,,,
greenhouse:godaddy:7882551003,GoDaddy,Senior Site Reliability Engineer - Cloud Platform,Romania,https://careers.godaddy/jobs?gh_jid=7882551003,2026-08-24T11:40:20-04:00,greenhouse,2026-09-01T03:52:09Z,IT Ops,,,AWS; CI/CD; Incident Response; Linux; Observability; Python,Infrastructure / SRE,Senior,On-site,,,
greenhouse:godaddy:7820541003,GoDaddy,Senior Software Development Engineer,Canada,https://careers.godaddy/jobs?gh_jid=7820541003,2026-08-16T13:10:45-04:00,greenhouse,2026-09-01T03:52:09Z,Engineering,,,AWS; CI/CD; GitHub Actions; JavaScript; Node.js; Observability; React,Engineering,Senior,On-site,,,
greenhouse:godaddy:7753818003,GoDaddy,Senior Software Development Engineer,Colombia,https://careers.godaddy/jobs?gh_jid=7753818003,2026-06-24T11:29:25-04:00,greenhouse,2026-09-01T03:52:09Z,Engineering,,,AI Agents; AWS; CI/CD; Docker; Elasticsearch; Go; Incident Response; Kubernetes; LLMs; Microsoft Azure; MongoDB; Node.js; Observability; PostgreSQL; Python; RAG; React; Redis; SQL; Vector Databases; Vue.js,Engineering,Senior,On-site,,,
greenhouse:godaddy:6620837003,GoDaddy,Senior Software Engineer- Backend/Infrastructure,Canada,https://careers.godaddy/jobs?gh_jid=6620837003,2025-08-01T16:20:18-04:00,greenhouse,2026-09-01T03:52:09Z,Engineering,,,AWS; Argo CD; CI/CD; Elasticsearch; Helm; Java; Kubernetes; Node.js; Observability; SQL,Infrastructure / SRE,Senior,On-site,,,
greenhouse:godaddy:7728706003,GoDaddy,Senior Software Engineer - Golang,"Pune, Maharashtra, India",https://careers.godaddy/jobs?gh_jid=7728706003,2026-08-31T03:07:30-04:00,greenhouse,2026-09-01T03:52:09Z,Engineering,,,C#; CI/CD; Go; Java,Engineering,Senior,On-site,,,
greenhouse:godaddy:7882549003,GoDaddy,Senior Software Engineer - Python,India,https://careers.godaddy/jobs?gh_jid=7882549003,2026-08-31T03:07:44-04:00,greenhouse,2026-09-01T03:52:09Z,Engineering,,,AWS; Ansible; CI/CD; DNS; Git; JavaScript; MySQL; Observability; Python; Redis,Engineering,Senior,On-site,,,
greenhouse:godaddy:7787000003,GoDaddy,Site Merchandising Manager,India,https://careers.godaddy/jobs?gh_jid=7787000003,2026-08-11T05:52:29-04:00,greenhouse,2026-09-01T03:52:09Z,Marketing,,,Project Management,Marketing,Manager,On-site,,,
greenhouse:godaddy:7820533003,GoDaddy,Site Reliability Engineer,Romania,https://careers.godaddy/jobs?gh_jid=7820533003,2026-08-25T11:21:22-04:00,greenhouse,2026-09-01T03:52:09Z,IT Ops,,,Ansible; Docker; Incident Response; LLMs; Linux; Observability; Python,Infrastructure / SRE,Unknown,On-site,,,
greenhouse:godaddy:7529374003,GoDaddy,Site Reliability Engineer - Ceph Storage,United States,https://careers.godaddy/jobs?gh_jid=7529374003,2025-12-11T18:58:53-05:00,greenhouse,2026-09-01T03:52:09Z,IT Ops,,,Ansible; Grafana; Incident Response; Kubernetes; Linux; Observability; Prometheus; Python; WordPress Multisite,Infrastructure / SRE,Unknown,On-site,,,
greenhouse:godaddy:7823112003,GoDaddy,Software Development Engineer,"Melbourne, Victoria, Australia",https://careers.godaddy/jobs?gh_jid=7823112003,2026-08-17T03:37:28-04:00,greenhouse,2026-09-01T03:52:09Z,Engineering,,,AWS; CI/CD; Git; GitHub Actions; Java; JavaScript; MongoDB; Node.js; PostgreSQL; TypeScript,Engineering,Unknown,On-site,,,
greenhouse:godaddy:5117001003,GoDaddy,Talent Pool,EMEA,https://careers.godaddy/jobs?gh_jid=5117001003,2022-05-06T10:51:16-04:00,greenhouse,2026-09-01T03:52:09Z,,,,,HR / People,Unknown,On-site,,,
greenhouse:godaddy:7882557003,GoDaddy,Technical Program Manager - AWS Cloud Infrastructure,"British Columbia, Canada; Ontario",https://careers.godaddy/jobs?gh_jid=7882557003,2026-08-21T18:37:12-04:00,greenhouse,2026-09-01T03:52:09Z,Project/Program Management,,,AWS; Product Management; Project Management,Infrastructure / SRE,Manager,On-site,,,
greenhouse:digitalocean98:7536702,DigitalOcean,Cloud Operations Administrator - II,Seattle,https://www.digitalocean.com/careers/position/apply/?gh_jid=7536702,2026-01-29T17:57:32-05:00,greenhouse,2026-09-01T03:52:09Z,Infrastructure,,,Bash; Kubernetes; Linux; Observability; Python,Operations,Mid Level,On-site,,,
greenhouse:digitalocean98:8164813,DigitalOcean,Compensation Partner,Seattle,https://www.digitalocean.com/careers/position/apply/?gh_jid=8164813,2026-08-31T16:02:29-04:00,greenhouse,2026-09-01T03:52:09Z,Finance,,,,Finance,Unknown,On-site,,,
greenhouse:digitalocean98:8164810,DigitalOcean,Compensation Partner,Austin,https://www.digitalocean.com/careers/position/apply/?gh_jid=8164810,2026-08-31T15:59:51-04:00,greenhouse,2026-09-01T03:52:09Z,Finance,,,,Finance,Unknown,On-site,,,
greenhouse:digitalocean98:8164809,DigitalOcean,Compensation Partner,San Francisco,https://www.digitalocean.com/careers/position/apply/?gh_jid=8164809,2026-08-31T15:59:10-04:00,greenhouse,2026-09-01T03:52:09Z,Finance,,,,Finance,Unknown,On-site,,,
greenhouse:digitalocean98:8164812,DigitalOcean,Compensation Partner,Denver,https://www.digitalocean.com/careers/position/apply/?gh_jid=8164812,2026-08-31T16:02:05-04:00,greenhouse,2026-09-01T03:52:09Z,Finance,,,,Finance,Unknown,On-site,,,
greenhouse:digitalocean98:8164811,DigitalOcean,Compensation Partner,Boston,https://www.digitalocean.com/careers/position/apply/?gh_jid=8164811,2026-08-31T16:00:39-04:00,greenhouse,2026-09-01T03:52:09Z,Finance,,,,Finance,Unknown,On-site,,,
greenhouse:digitalocean98:7761087,DigitalOcean,Customer Success Engineer II - Database,Hyderabad,https://www.digitalocean.com/careers/position/apply/?gh_jid=7761087,2026-04-01T11:39:56-04:00,greenhouse,2026-09-01T03:52:09Z,Customer Support,,,AWS; Ansible; Apache Kafka; Customer Success; Google Cloud; Helm; Incident Response; Kubernetes; Linux; Microsoft Azure; MongoDB; MySQL; Node.js; Observability; PHP; PostgreSQL; Python; Redis; Technical Support; Terraform,Customer Success,Mid Level,On-site,,,
greenhouse:digitalocean98:7727252,DigitalOcean,Data Center Engineer II,Germany,https://www.digitalocean.com/careers/position/apply/?gh_jid=7727252,2026-03-18T12:18:58-04:00,greenhouse,2026-09-01T03:52:09Z,IaaS & Data Centers,,,Linux,Infrastructure / SRE,Mid Level,On-site,,,
greenhouse:digitalocean98:8163224,DigitalOcean,Data Center Engineer II,Wenatchee,https://www.digitalocean.com/careers/position/apply/?gh_jid=8163224,2026-08-27T17:02:15-04:00,greenhouse,2026-09-01T03:52:09Z,IaaS & Data Centers,,,Linux,Infrastructure / SRE,Mid Level,On-site,,,
greenhouse:digitalocean98:7904346,DigitalOcean,Data Center Engineer II,Atlanta,https://www.digitalocean.com/careers/position/apply/?gh_jid=7904346,2026-05-07T10:08:24-04:00,greenhouse,2026-09-01T03:52:09Z,IaaS & Data Centers,,,Linux,Infrastructure / SRE,Mid Level,On-site,,,
greenhouse:digitalocean98:8155703,DigitalOcean,Data Center Manager,Wenatchee,https://www.digitalocean.com/careers/position/apply/?gh_jid=8155703,2026-08-27T12:52:24-04:00,greenhouse,2026-09-01T03:52:09Z,IaaS & Data Centers,,,CI/CD; Observability,Infrastructure / SRE,Manager,On-site,,,
greenhouse:digitalocean98:8162270,DigitalOcean,Data Center Manager ATL,Atlanta,https://www.digitalocean.com/careers/position/apply/?gh_jid=8162270,2026-08-27T13:28:17-04:00,greenhouse,2026-09-01T03:52:09Z,IaaS & Data Centers,,,CI/CD; Observability,Infrastructure / SRE,Manager,On-site,,,
greenhouse:digitalocean98:7975239,DigitalOcean,"Director, Engineering - Inference Serving Engine",Bengaluru,https://www.digitalocean.com/careers/position/apply/?gh_jid=7975239,2026-06-16T05:43:37-04:00,greenhouse,2026-09-01T03:52:09Z,Agentic AI,,,Kubernetes; LLMs; Node.js; Observability; Product Management,Engineering,Director,On-site,,,
greenhouse:digitalocean98:8016542,DigitalOcean,"Director, Field & Event Marketing",San Francisco,https://www.digitalocean.com/careers/position/apply/?gh_jid=8016542,2026-07-21T15:15:22-04:00,greenhouse,2026-09-01T03:52:09Z,Events & Field Marketing,,,Salesforce,Marketing,Director,On-site,,,
greenhouse:digitalocean98:7975203,DigitalOcean,"Director of Engineering, Managed Database Service",Bengaluru,https://www.digitalocean.com/careers/position/apply/?gh_jid=7975203,2026-06-17T03:36:38-04:00,greenhouse,2026-09-01T03:52:09Z,Data & Learning,,,Apache Kafka; Customer Success; Google Cloud; Incident Response; Microsoft Azure; MongoDB; MySQL; Observability; PostgreSQL; Redis; SQL,Engineering,Director,On-site,,,
greenhouse:digitalocean98:7960771,DigitalOcean,"Director, Security Products",Bengaluru,https://www.digitalocean.com/careers/position/apply/?gh_jid=7960771,2026-06-03T10:27:31-04:00,greenhouse,2026-09-01T03:52:09Z,Security,,,AWS; Apache; Apache Kafka; Application Security; Google Cloud; Helm; JavaScript; Kubernetes; Microsoft Azure; Node.js; Product Management; SIEM; Terraform; WAF,Security,Director,On-site,,,
greenhouse:digitalocean98:7579090,DigitalOcean,"Director, Startup Ecosystem",San Francisco,https://www.digitalocean.com/careers/position/apply/?gh_jid=7579090,2026-01-30T14:04:29-05:00,greenhouse,2026-09-01T03:52:09Z,Developer Relations,,,Partnerships,Engineering,Director,On-site,,,
greenhouse:digitalocean98:7807707,DigitalOcean,"Manager, Customer Success Engineering",San Francisco,https://www.digitalocean.com/careers/position/apply/?gh_jid=7807707,2026-04-13T16:38:43-04:00,greenhouse,2026-09-01T03:52:09Z,Customer Support,,,AWS; Account Management; Customer Success; Generative AI; Google Cloud; Kubernetes; LLMs; MLOps; Machine Learning; Microsoft Azure; PyTorch; Python; Technical Support; TensorFlow,Customer Success,Manager,On-site,,,
greenhouse:digitalocean98:8039350,DigitalOcean,"Manager, Customer Success Engineering",New York,https://www.digitalocean.com/careers/position/apply/?gh_jid=8039350,2026-06-30T15:28:44-04:00,greenhouse,2026-09-01T03:52:09Z,Customer Support,,,AWS; Account Management; Customer Success; Generative AI; Google Cloud; Kubernetes; LLMs; MLOps; Machine Learning; Microsoft Azure; PyTorch; Python; Technical Support; TensorFlow,Customer Success,Manager,On-site,,,
greenhouse:digitalocean98:7530090,DigitalOcean,"Manager, Sales",Hyderabad,https://www.digitalocean.com/careers/position/apply/?gh_jid=7530090,2026-01-15T06:37:52-05:00,greenhouse,2026-09-01T03:52:09Z,Sales & Partnerships,,,Account Management; Customer Success; Partnerships,Sales,Manager,On-site,,,
greenhouse:digitalocean98:7975149,DigitalOcean,"Principal Engineer, Data Center Architect",Seattle,https://www.digitalocean.com/careers/position/apply/?gh_jid=7975149,2026-06-17T10:56:11-04:00,greenhouse,2026-09-01T03:52:09Z,Physical Infrastructure,,,,Infrastructure / SRE,Lead / Staff,On-site,,,
greenhouse:digitalocean98:7975145,DigitalOcean,"Principal Engineer, Data Center Architect",San Francisco,https://www.digitalocean.com/careers/position/apply/?gh_jid=7975145,2026-06-17T10:53:35-04:00,greenhouse,2026-09-01T03:52:09Z,Physical Infrastructure,,,,Infrastructure / SRE,Lead / Staff,On-site,,,
greenhouse:digitalocean98:7975063,DigitalOcean,"Principal Engineer - Security Products, Security Visibility",Seattle,https://www.digitalocean.com/careers/position/apply/?gh_jid=7975063,2026-06-04T15:33:07-04:00,greenhouse,2026-09-01T03:52:09Z,Security,,,Apache; Apache Kafka; Datadog; ISO 27001; Kubernetes; MySQL; Observability; OpenTelemetry; PCI DSS; SIEM; SOC 2; SQL; Terraform,Security,Lead / Staff,On-site,,,
greenhouse:digitalocean98:7975061,DigitalOcean,"Principal Engineer - Security Products, Security Visibility",Boston,https://www.digitalocean.com/careers/position/apply/?gh_jid=7975061,2026-06-04T15:32:16-04:00,greenhouse,2026-09-01T03:52:09Z,Security,,,Apache; Apache Kafka; Datadog; ISO 27001; Kubernetes; MySQL; Observability; OpenTelemetry; PCI DSS; SIEM; SOC 2; SQL; Terraform,Security,Lead / Staff,On-site,,,
greenhouse:digitalocean98:7975137,DigitalOcean,Principal Infrastructure Architect,Seattle,https://www.digitalocean.com/careers/position/apply/?gh_jid=7975137,2026-06-17T10:59:49-04:00,greenhouse,2026-09-01T03:52:09Z,,,,,Infrastructure / SRE,Lead / Staff,On-site,,,
greenhouse:digitalocean98:7975133,DigitalOcean,Principal Infrastructure Architect,San Francisco,https://www.digitalocean.com/careers/position/apply/?gh_jid=7975133,2026-06-17T10:58:58-04:00,greenhouse,2026-09-01T03:52:09Z,,,,,Infrastructure / SRE,Lead / Staff,On-site,,,
greenhouse:digitalocean98:8017166,DigitalOcean,"Principal Product Manager, Inference Engine",Seattle,https://www.digitalocean.com/careers/position/apply/?gh_jid=8017166,2026-06-24T14:08:27-04:00,greenhouse,2026-09-01T03:52:09Z,Agentic AI,,,LLMs; Observability,Product,Manager,On-site,,,
greenhouse:digitalocean98:7975173,DigitalOcean,"Principal Sourcer, Data Center",Seattle,https://www.digitalocean.com/careers/position/apply/?gh_jid=7975173,2026-06-29T23:13:58-04:00,greenhouse,2026-09-01T03:52:09Z,Physical Infrastructure,,,,Infrastructure / SRE,Lead / Staff,On-site,,,
greenhouse:digitalocean98:7975169,DigitalOcean,"Principal Sourcer, Data Center",San Francisco,https://www.digitalocean.com/careers/position/apply/?gh_jid=7975169,2026-06-29T23:14:55-04:00,greenhouse,2026-09-01T03:52:09Z,Physical Infrastructure,,,,Infrastructure / SRE,Lead / Staff,On-site,,,
greenhouse:digitalocean98:8162102,DigitalOcean,"Product Security Engineer, Secure Design",United States,https://www.digitalocean.com/careers/position/apply/?gh_jid=8162102,2026-08-27T12:44:41-04:00,greenhouse,2026-09-01T03:52:09Z,Security,,,CI/CD; Go; JavaScript; Rust,Security,Unknown,On-site,,,
greenhouse:digitalocean98:8160072,DigitalOcean,"Product Security Engineer, Secure Design",Seattle,https://www.digitalocean.com/careers/position/apply/?gh_jid=8160072,2026-08-27T12:43:43-04:00,greenhouse,2026-09-01T03:52:09Z,Security,,,CI/CD; Go; JavaScript; Rust,Security,Unknown,On-site,,,
greenhouse:digitalocean98:8160070,DigitalOcean,"Product Security Engineer, Secure Design",Boston,https://www.digitalocean.com/careers/position/apply/?gh_jid=8160070,2026-08-27T13:33:17-04:00,greenhouse,2026-09-01T03:52:09Z,Security,,,CI/CD; Go; JavaScript; Rust,Security,Unknown,On-site,,,
greenhouse:digitalocean98:8029216,DigitalOcean,Revenue Enablement Manager,Seattle,https://www.digitalocean.com/careers/position/apply/?gh_jid=8029216,2026-06-25T15:31:58-04:00,greenhouse,2026-09-01T03:52:09Z,Revenue Operations,,,,Sales,Manager,On-site,,,
greenhouse:digitalocean98:8014451,DigitalOcean,Revenue Enablement Manager,San Francisco,https://www.digitalocean.com/careers/position/apply/?gh_jid=8014451,2026-06-23T14:51:55-04:00,greenhouse,2026-09-01T03:52:09Z,Revenue Operations,,,,Sales,Manager,On-site,,,
greenhouse:digitalocean98:8014452,DigitalOcean,Revenue Enablement Manager,Austin,https://www.digitalocean.com/careers/position/apply/?gh_jid=8014452,2026-06-23T14:52:28-04:00,greenhouse,2026-09-01T03:52:09Z,Revenue Operations,,,,Sales,Manager,On-site,,,
greenhouse:digitalocean98:8014453,DigitalOcean,Revenue Enablement Manager,Boston,https://www.digitalocean.com/careers/position/apply/?gh_jid=8014453,2026-06-23T14:52:52-04:00,greenhouse,2026-09-01T03:52:09Z,Revenue Operations,,,,Sales,Manager,On-site,,,
greenhouse:digitalocean98:8014454,DigitalOcean,Revenue Enablement Manager,Denver,https://www.digitalocean.com/careers/position/apply/?gh_jid=8014454,2026-06-23T14:53:11-04:00,greenhouse,2026-09-01T03:52:09Z,Revenue Operations,,,,Sales,Manager,On-site,,,
greenhouse:digitalocean98:7732620,DigitalOcean,Revenue Operations Engineer,Hyderabad,https://www.digitalocean.com/careers/position/apply/?gh_jid=7732620,2026-03-20T05:33:13-04:00,greenhouse,2026-09-01T03:52:09Z,Revenue Operations,,,Looker; Python; SQL; Salesforce,Sales,Unknown,On-site,,,
greenhouse:digitalocean98:7917780,DigitalOcean,"Senior Application Security Engineer I, Security Platform",Bengaluru,https://www.digitalocean.com/careers/position/apply/?gh_jid=7917780,2026-06-22T14:12:10-04:00,greenhouse,2026-09-01T03:52:09Z,Security,,,Application Security; Docker; GitHub Actions; Go; JavaScript; Kubernetes; Prometheus; Python,Security,Senior,On-site,,,
greenhouse:digitalocean98:8103678,DigitalOcean,Senior Business Internal Auditor,Karachi,https://www.digitalocean.com/careers/position/apply/?gh_jid=8103678,2026-08-04T15:39:29-04:00,greenhouse,2026-09-01T03:52:09Z,Finance,,,Looker,Finance,Senior,On-site,,,
greenhouse:digitalocean98:8162577,DigitalOcean,Senior Capacity Planner,Seattle,https://www.digitalocean.com/careers/position/apply/?gh_jid=8162577,2026-08-28T12:39:34-04:00,greenhouse,2026-09-01T03:52:09Z,Physical Infrastructure,,,AI Agents; Grafana; Looker; SQL,Infrastructure / SRE,Senior,On-site,,,
greenhouse:digitalocean98:8162594,DigitalOcean,Senior Capacity Planner,Seattle,https://www.digitalocean.com/careers/position/apply/?gh_jid=8162594,2026-08-31T15:12:59-04:00,greenhouse,2026-09-01T03:52:09Z,Physical Infrastructure,,,Docker; Grafana; Kubernetes; Looker; Observability; Project Management; SQL,Infrastructure / SRE,Senior,On-site,,,
greenhouse:digitalocean98:8099106,DigitalOcean,"Senior Corporate Counsel, Product",Denver,https://www.digitalocean.com/careers/position/apply/?gh_jid=8099106,2026-07-31T16:53:18-04:00,greenhouse,2026-09-01T03:52:09Z,Legal,,,GDPR; Incident Response; SOC 2,Legal / Compliance,Senior,On-site,,,
greenhouse:digitalocean98:8099103,DigitalOcean,"Senior Corporate Counsel, Product",San Francisco,https://www.digitalocean.com/careers/position/apply/?gh_jid=8099103,2026-07-31T16:52:26-04:00,greenhouse,2026-09-01T03:52:09Z,Legal,,,GDPR; Incident Response; SOC 2,Legal / Compliance,Senior,On-site,,,
greenhouse:digitalocean98:8099104,DigitalOcean,"Senior Corporate Counsel, Product",Austin,https://www.digitalocean.com/careers/position/apply/?gh_jid=8099104,2026-07-31T16:52:44-04:00,greenhouse,2026-09-01T03:52:09Z,Legal,,,GDPR; Incident Response; SOC 2,Legal / Compliance,Senior,On-site,,,
greenhouse:digitalocean98:8099105,DigitalOcean,"Senior Corporate Counsel, Product",Boston,https://www.digitalocean.com/careers/position/apply/?gh_jid=8099105,2026-07-31T16:53:01-04:00,greenhouse,2026-09-01T03:52:09Z,Legal,,,GDPR; Incident Response; SOC 2,Legal / Compliance,Senior,On-site,,,
greenhouse:digitalocean98:8100229,DigitalOcean,"Senior Corporate Counsel, Product",Seattle,https://www.digitalocean.com/careers/position/apply/?gh_jid=8100229,2026-07-31T16:54:01-04:00,greenhouse,2026-09-01T03:52:09Z,Legal,,,GDPR; Incident Response; SOC 2,Legal / Compliance,Senior,On-site,,,
greenhouse:digitalocean98:7761097,DigitalOcean,Senior Customer Success Engineer I - Kubernetes,Hyderabad,https://www.digitalocean.com/careers/position/apply/?gh_jid=7761097,2026-04-01T15:02:13-04:00,greenhouse,2026-09-01T03:52:09Z,Customer Support,,,Ansible; Argo CD; Bash; CI/CD; Customer Success; Go; Grafana; Helm; Kubernetes; Linux; Load Balancing; Observability; OpenTelemetry; Prometheus; Python; Technical Support; Terraform,Customer Success,Senior,On-site,,,
greenhouse:digitalocean98:8077803,DigitalOcean,Senior Data Center Engineer,Atlanta,https://www.digitalocean.com/careers/position/apply/?gh_jid=8077803,2026-07-21T15:42:59-04:00,greenhouse,2026-09-01T03:52:09Z,Infrastructure,,,Bash; Linux,Infrastructure / SRE,Senior,On-site,,,
greenhouse:digitalocean98:7759637,DigitalOcean,Senior Data Center Engineer II,Seattle,https://www.digitalocean.com/careers/position/apply/?gh_jid=7759637,2026-04-01T18:54:07-04:00,greenhouse,2026-09-01T03:52:09Z,IaaS & Data Centers,,,Bash; Linux,Infrastructure / SRE,Senior,On-site,,,
greenhouse:digitalocean98:8018939,DigitalOcean,Senior Deployment Engineer,San Francisco,https://www.digitalocean.com/careers/position/apply/?gh_jid=8018939,2026-06-30T16:11:58-04:00,greenhouse,2026-09-01T03:52:09Z,Physical Infrastructure,,,Bash; Linux; Load Balancing,Engineering,Senior,On-site,,,
greenhouse:digitalocean98:8065410,DigitalOcean,"Senior Director, Business Development",San Francisco,https://www.digitalocean.com/careers/position/apply/?gh_jid=8065410,2026-08-11T13:20:19-04:00,greenhouse,2026-09-01T03:52:09Z,Strategic Partnerships,,,Partnerships,Sales,Director,On-site,,,
greenhouse:digitalocean98:8065414,DigitalOcean,"Senior Director, Business Development",Seattle,https://www.digitalocean.com/careers/position/apply/?gh_jid=8065414,2026-08-11T13:20:22-04:00,greenhouse,2026-09-01T03:52:09Z,Strategic Partnerships,,,Partnerships,Sales,Director,On-site,,,
greenhouse:digitalocean98:8026555,DigitalOcean,"Senior Director, Compute Engineering",Seattle,https://www.digitalocean.com/careers/position/apply/?gh_jid=8026555,2026-06-24T15:48:55-04:00,greenhouse,2026-09-01T03:52:09Z,Core Cloud,,,,Engineering,Director,On-site,,,
greenhouse:digitalocean98:7975185,DigitalOcean,"Senior Director, Data Center Facilities",Seattle,https://www.digitalocean.com/careers/position/apply/?gh_jid=7975185,2026-06-24T17:06:17-04:00,greenhouse,2026-09-01T03:52:09Z,Physical Infrastructure,,,Incident Response; Linux; Observability; Risk Management,Infrastructure / SRE,Director,On-site,,,
greenhouse:digitalocean98:8053468,DigitalOcean,"Senior Director, Engineering - Serverless Compute Engineering",Bengaluru,https://www.digitalocean.com/careers/position/apply/?gh_jid=8053468,2026-08-17T02:10:47-04:00,greenhouse,2026-09-01T03:52:09Z,Core Cloud,,,Customer Success; Observability,Engineering,Director,On-site,,,
greenhouse:digitalocean98:8027194,DigitalOcean,"Senior Director, Marketing Communications",Seattle,https://www.digitalocean.com/careers/position/apply/?gh_jid=8027194,2026-07-29T17:05:08-04:00,greenhouse,2026-09-01T03:52:09Z,Growth & Marketing,,,Partnerships,Marketing,Director,On-site,,,
greenhouse:digitalocean98:8027190,DigitalOcean,"Senior Director, Marketing Communications",San Francisco,https://www.digitalocean.com/careers/position/apply/?gh_jid=8027190,2026-07-29T17:04:48-04:00,greenhouse,2026-09-01T03:52:09Z,Growth & Marketing,,,Partnerships,Marketing,Director,On-site,,,
greenhouse:digitalocean98:7975227,DigitalOcean,Senior Director of Engineering – Storage Products,Bengaluru,https://www.digitalocean.com/careers/position/apply/?gh_jid=7975227,2026-06-17T03:22:59-04:00,greenhouse,2026-09-01T03:52:09Z,Core Cloud,,,Kubernetes; Observability,Engineering,Director,On-site,,,
greenhouse:digitalocean98:7714467,DigitalOcean,"Senior Engineer II, Inference Engine - Serving Engine",San Francisco,https://www.digitalocean.com/careers/position/apply/?gh_jid=7714467,2026-03-17T11:34:33-04:00,greenhouse,2026-09-01T03:52:09Z,Agentic AI,,,Generative AI; Go; LLMs; Observability; Python,Engineering,Senior,On-site,,,
greenhouse:digitalocean98:7714471,DigitalOcean,"Senior Engineer II, Inference Engine - Serving Engine",Seattle,https://www.digitalocean.com/careers/position/apply/?gh_jid=7714471,2026-03-17T11:36:26-04:00,greenhouse,2026-09-01T03:52:09Z,Agentic AI,,,Generative AI; Go; LLMs; Observability; Python,Engineering,Senior,On-site,,,
greenhouse:digitalocean98:7749108,DigitalOcean,"Senior Engineering Manager, Kernel and Virt",Seattle,https://www.digitalocean.com/careers/position/apply/?gh_jid=7749108,2026-06-12T11:10:14-04:00,greenhouse,2026-09-01T03:52:09Z,IaaS & Data Centers,,,Kubernetes; LLMs; Observability; Product Management,Engineering,Manager,On-site,,,
greenhouse:digitalocean98:7960745,DigitalOcean,"Senior Engineering Manager, Users & Account Systems",Bengaluru,https://www.digitalocean.com/careers/position/apply/?gh_jid=7960745,2026-06-04T10:12:17-04:00,greenhouse,2026-09-01T03:52:09Z,Security,,,AWS; Account Management; Google Cloud; Helm; JavaScript; Microsoft Azure; Node.js; Product Management; Terraform,Engineering,Manager,On-site,,,
greenhouse:digitalocean98:8143084,DigitalOcean,Senior Facilities Manager,Seattle,https://www.digitalocean.com/careers/position/apply/?gh_jid=8143084,2026-08-20T19:54:07-04:00,greenhouse,2026-09-01T03:52:09Z,People,,,Incident Response,Other,Manager,On-site,,,
greenhouse:digitalocean98:8143080,DigitalOcean,Senior Facilities Manager,San Francisco,https://www.digitalocean.com/careers/position/apply/?gh_jid=8143080,2026-08-20T19:53:50-04:00,greenhouse,2026-09-01T03:52:09Z,People,,,Incident Response,Other,Manager,On-site,,,
greenhouse:digitalocean98:7987152,DigitalOcean,Senior Forward Deployed Applied Scientist I (Agentic AI),Bengaluru,https://www.digitalocean.com/careers/position/apply/?gh_jid=7987152,2026-08-04T07:39:32-04:00,greenhouse,2026-09-01T03:52:09Z,Agentic AI,,,LLMs; Machine Learning; PyTorch; Python; TensorFlow,AI / Machine Learning,Senior,On-site,,,
greenhouse:digitalocean98:7987138,DigitalOcean,Senior Forward Deployed Engineer I (AI Inference),Bengaluru,https://www.digitalocean.com/careers/position/apply/?gh_jid=7987138,2026-08-04T07:36:26-04:00,greenhouse,2026-09-01T03:52:09Z,Agentic AI,,,Generative AI; Go; Kubernetes; LLMs; Load Balancing; Python,AI / Machine Learning,Senior,On-site,,,
greenhouse:digitalocean98:7987090,DigitalOcean,Senior Forward Deployed Engineer I (AI Infra),Bengaluru,https://www.digitalocean.com/careers/position/apply/?gh_jid=7987090,2026-06-27T03:48:41-04:00,greenhouse,2026-09-01T03:52:09Z,Agentic AI,,,Ansible; C++; Helm; Kubernetes; LLMs; Linux; Python; Terraform,AI / Machine Learning,Senior,On-site,,,
greenhouse:digitalocean98:8162702,DigitalOcean,Senior Hardware Sourcer II,Seattle,https://www.digitalocean.com/careers/position/apply/?gh_jid=8162702,2026-08-31T15:21:30-04:00,greenhouse,2026-09-01T03:52:09Z,Physical Infrastructure,,,,Infrastructure / SRE,Senior,On-site,,,
greenhouse:digitalocean98:7721627,DigitalOcean,Senior Infrastructure Security Engineer,Bengaluru,https://www.digitalocean.com/careers/position/apply/?gh_jid=7721627,2026-04-17T07:36:43-04:00,greenhouse,2026-09-01T03:52:09Z,Security,,,AWS; Ansible; Google Cloud; Kubernetes; Linux; Observability; SIEM; WAF,Infrastructure / SRE,Senior,On-site,,,
greenhouse:digitalocean98:8162675,DigitalOcean,Senior Manager Datacenter Engineering,Seattle,https://www.digitalocean.com/careers/position/apply/?gh_jid=8162675,2026-08-27T17:35:46-04:00,greenhouse,2026-09-01T03:52:09Z,Physical Infrastructure,,,,Infrastructure / SRE,Manager,On-site,,,
greenhouse:digitalocean98:7979447,DigitalOcean,Senior Network Engineer,Seattle,https://www.digitalocean.com/careers/position/apply/?gh_jid=7979447,2026-06-19T12:43:08-04:00,greenhouse,2026-09-01T03:52:09Z,Infrastructure,,,CI/CD; Git; Go; Grafana; Linux; Observability; Prometheus; Python,Infrastructure / SRE,Senior,On-site,,,
greenhouse:digitalocean98:7986802,DigitalOcean,"Senior Product Manager II, Managed Databases (MySQL)",Bengaluru,https://www.digitalocean.com/careers/position/apply/?gh_jid=7986802,2026-06-22T14:18:48-04:00,greenhouse,2026-09-01T03:52:09Z,PaaS,,,AI Agents; Customer Success; MySQL; Product Management,Product,Manager,On-site,,,
greenhouse:digitalocean98:7986814,DigitalOcean,"Senior Product Manager II, Managed Databases (PostgreSQL)",Bengaluru,https://www.digitalocean.com/careers/position/apply/?gh_jid=7986814,2026-06-22T14:23:50-04:00,greenhouse,2026-09-01T03:52:09Z,PaaS,,,AI Agents; PostgreSQL; Product Management,Product,Manager,On-site,,,
greenhouse:digitalocean98:7821837,DigitalOcean,Senior Product Marketing Manager II,Seattle,https://www.digitalocean.com/careers/position/apply/?gh_jid=7821837,2026-07-27T16:03:08-04:00,greenhouse,2026-09-01T03:52:09Z,Growth & Marketing,,,,Marketing,Manager,On-site,,,
greenhouse:digitalocean98:7821833,DigitalOcean,Senior Product Marketing Manager II,San Francisco,https://www.digitalocean.com/careers/position/apply/?gh_jid=7821833,2026-07-27T16:02:55-04:00,greenhouse,2026-09-01T03:52:09Z,Growth & Marketing,,,,Marketing,Manager,On-site,,,
greenhouse:digitalocean98:8022532,DigitalOcean,Senior Product Security Engineer I,Bengaluru,https://www.digitalocean.com/careers/position/apply/?gh_jid=8022532,2026-06-22T18:41:07-04:00,greenhouse,2026-09-01T03:52:09Z,Security,,,AWS; Application Security; CI/CD; Google Cloud; JavaScript; LLMs; Observability; PHP; Python,Security,Senior,On-site,,,
greenhouse:digitalocean98:7994116,DigitalOcean,Senior Security Analyst I,Boston,https://www.digitalocean.com/careers/position/apply/?gh_jid=7994116,2026-06-25T10:19:05-04:00,greenhouse,2026-09-01T03:52:09Z,Security,,,Bash; Incident Response; Linux; Observability; Python; SIEM; SQL,Security,Senior,On-site,,,
greenhouse:digitalocean98:7994118,DigitalOcean,Senior Security Analyst I,Seattle,https://www.digitalocean.com/careers/position/apply/?gh_jid=7994118,2026-06-25T10:20:36-04:00,greenhouse,2026-09-01T03:52:09Z,Security,,,Bash; Incident Response; Linux; Observability; Python; SIEM; SQL,Security,Senior,On-site,,,
greenhouse:digitalocean98:7987716,DigitalOcean,Senior Software Engineer I-Agentic AI,Hyderabad,https://www.digitalocean.com/careers/position/apply/?gh_jid=7987716,2026-08-27T04:49:49-04:00,greenhouse,2026-09-01T03:52:09Z,Agentic AI,,,AI Agents; C++; Docker; Go; Java; Kubernetes; LLMs; Observability; Python,AI / Machine Learning,Senior,On-site,,,
greenhouse:digitalocean98:7987322,DigitalOcean,"Senior Software Engineer I, AI/ML",Bengaluru,https://www.digitalocean.com/careers/position/apply/?gh_jid=7987322,2026-08-13T02:51:57-04:00,greenhouse,2026-09-01T03:52:09Z,Security,,,CI/CD; Go; Incident Response; Java; Kubernetes; LLMs; Observability; OpenTelemetry; Python; RAG; TypeScript,AI / Machine Learning,Senior,On-site,,,
greenhouse:digitalocean98:7986966,DigitalOcean,Senior Software Engineer I - Billing Engineering,Hyderabad,https://www.digitalocean.com/careers/position/apply/?gh_jid=7986966,2026-06-11T08:04:26-04:00,greenhouse,2026-09-01T03:52:09Z,Security,,,Apache Kafka; Docker; Go; Kubernetes; MySQL; Product Management; Python; Redis; Ruby; Technical Support,Engineering,Senior,On-site,,,
greenhouse:digitalocean98:7782728,DigitalOcean,"Senior Software Engineer, Identity & Access Management",Seattle,https://www.digitalocean.com/careers/position/apply/?gh_jid=7782728,2026-04-23T15:15:46-04:00,greenhouse,2026-09-01T03:52:09Z,Security,,,Kubernetes; MySQL; SQL; Terraform,Engineering,Senior,On-site,,,
greenhouse:digitalocean98:7782726,DigitalOcean,"Senior Software Engineer, Identity & Access Management",Boston,https://www.digitalocean.com/careers/position/apply/?gh_jid=7782726,2026-04-23T15:15:44-04:00,greenhouse,2026-09-01T03:52:09Z,Security,,,Kubernetes; MySQL; SQL; Terraform,Engineering,Senior,On-site,,,
greenhouse:digitalocean98:8059278,DigitalOcean,Senior Software Engineer II - Action Infrastructure - Action Runtime,Seattle,https://www.digitalocean.com/careers/position/apply/?gh_jid=8059278,2026-07-17T14:46:24-04:00,greenhouse,2026-09-01T03:52:09Z,Agentic AI,,,AI Agents; Go; Incident Response; LLMs; Observability; Python; TypeScript,Infrastructure / SRE,Senior,On-site,,,
greenhouse:digitalocean98:7987346,DigitalOcean,"Senior Software Engineer II, AI/ML",Bengaluru,https://www.digitalocean.com/careers/position/apply/?gh_jid=7987346,2026-08-13T02:56:46-04:00,greenhouse,2026-09-01T03:52:09Z,Security,,,Go; Incident Response; Java; Kubernetes; LLMs; Observability; OpenTelemetry; Python; RAG; TypeScript,AI / Machine Learning,Senior,On-site,,,
greenhouse:digitalocean98:7986946,DigitalOcean,Senior Software Engineer II - Billing Engineering,Bengaluru,https://www.digitalocean.com/careers/position/apply/?gh_jid=7986946,2026-07-29T11:15:34-04:00,greenhouse,2026-09-01T03:52:09Z,Security,,,Apache Kafka; Docker; Go; Kubernetes; MySQL; Product Management; Python; Redis; Ruby; Technical Support,Engineering,Senior,On-site,,,
greenhouse:digitalocean98:7931522,DigitalOcean,Senior Software Engineer I - Identity & Access Management,Bengaluru,https://www.digitalocean.com/careers/position/apply/?gh_jid=7931522,2026-07-22T06:54:41-04:00,greenhouse,2026-09-01T03:52:09Z,Security,,,Go; Kubernetes; MySQL; SQL; Terraform,Engineering,Senior,On-site,,,
greenhouse:digitalocean98:7987030,DigitalOcean,Senior Software Engineer II-GPU/Image building,Bengaluru,https://www.digitalocean.com/careers/position/apply/?gh_jid=7987030,2026-07-10T06:22:05-04:00,greenhouse,2026-09-01T03:52:09Z,Agentic AI,,,Ansible; CI/CD; GDPR; GitHub Actions; Jenkins; Linux; Observability; Python; SOC 2; Terraform,Engineering,Senior,On-site,,,
greenhouse:digitalocean98:7987515,DigitalOcean,Senior Software Engineer II - Key Management Systems,Bengaluru,https://www.digitalocean.com/careers/position/apply/?gh_jid=7987515,2026-08-18T11:12:59-04:00,greenhouse,2026-09-01T03:52:09Z,Security,,,AWS; Go; Google Cloud; Incident Response; Kubernetes; MySQL; SOC 2; SQL; Terraform,Engineering,Senior,On-site,,,
greenhouse:digitalocean98:7987636,DigitalOcean,Senior Software Engineer II-Mongo/Aiven KTLO,Bengaluru,https://www.digitalocean.com/careers/position/apply/?gh_jid=7987636,2026-07-27T11:30:16-04:00,greenhouse,2026-09-01T03:52:09Z,Data & Learning,,,GitHub Actions; Go; Kubernetes; MongoDB,Engineering,Senior,On-site,,,
greenhouse:digitalocean98:7938735,DigitalOcean,Senior Software Engineer II - User & Accounts Systems,Bengaluru,https://www.digitalocean.com/careers/position/apply/?gh_jid=7938735,2026-07-22T07:07:37-04:00,greenhouse,2026-09-01T03:52:09Z,Security,,,AWS; Account Management; Google Cloud; Helm; JavaScript; Microsoft Azure; Node.js; Python; Rust; SOC 2; Terraform,Engineering,Senior,On-site,,,
greenhouse:digitalocean98:8003995,DigitalOcean,"Senior Software Engineer II, Virtualization",Seattle,https://www.digitalocean.com/careers/position/apply/?gh_jid=8003995,2026-06-19T13:26:01-04:00,greenhouse,2026-09-01T03:52:09Z,Infrastructure,,,Go; Kubernetes; Linux; Observability; Product Management; Python; Ruby,Engineering,Senior,On-site,,,
greenhouse:digitalocean98:7987503,DigitalOcean,Senior Software Engineer I - Key Management Systems,Bengaluru,https://www.digitalocean.com/careers/position/apply/?gh_jid=7987503,2026-07-22T07:02:15-04:00,greenhouse,2026-09-01T03:52:09Z,Security,,,AWS; Go; Google Cloud; Incident Response; Kubernetes; MySQL; SOC 2; SQL; Terraform,Engineering,Senior,On-site,,,
greenhouse:digitalocean98:7987600,DigitalOcean,Senior Software Engineer I-Managed Databases (DBaaS),Bengaluru,https://www.digitalocean.com/careers/position/apply/?gh_jid=7987600,2026-07-20T05:38:39-04:00,greenhouse,2026-09-01T03:52:09Z,Data & Learning,,,Apache Kafka; CI/CD; Docker; Go; Grafana; Kubernetes; MongoDB; MySQL; PostgreSQL; SQL,Engineering,Senior,On-site,,,
greenhouse:digitalocean98:7987672,DigitalOcean,Senior Software Engineer I - Mongo/Aiven KTLO,Bengaluru,https://www.digitalocean.com/careers/position/apply/?gh_jid=7987672,2026-07-27T11:39:05-04:00,greenhouse,2026-09-01T03:52:09Z,Data & Learning,,,GitHub Actions; Go; Kubernetes; MongoDB,Engineering,Senior,On-site,,,
greenhouse:digitalocean98:7987479,DigitalOcean,Senior Software Engineer I - User & Accounts Systems,Bengaluru,https://www.digitalocean.com/careers/position/apply/?gh_jid=7987479,2026-07-22T07:06:06-04:00,greenhouse,2026-09-01T03:52:09Z,Security,,,AWS; Account Management; Google Cloud; Helm; Incident Response; JavaScript; Microsoft Azure; Node.js; Product Management; Python; Rust; Terraform,Engineering,Senior,On-site,,,
greenhouse:digitalocean98:7612843,DigitalOcean,"Senior Software Engineer, Security Products",Boston,https://www.digitalocean.com/careers/position/apply/?gh_jid=7612843,2026-02-13T10:57:24-05:00,greenhouse,2026-09-01T03:52:09Z,Security,,,AWS; Apache; Apache Kafka; Google Cloud; Helm; JavaScript; Kubernetes; Microsoft Azure; Node.js; SIEM; Terraform; WAF,Security,Senior,On-site,,,
greenhouse:digitalocean98:7612845,DigitalOcean,"Senior Software Engineer, Security Products",Seattle,https://www.digitalocean.com/careers/position/apply/?gh_jid=7612845,2026-02-13T10:57:26-05:00,greenhouse,2026-09-01T03:52:09Z,Security,,,AWS; Apache; Apache Kafka; Google Cloud; Helm; JavaScript; Kubernetes; Microsoft Azure; Node.js; SIEM; Terraform; WAF,Security,Senior,On-site,,,
greenhouse:digitalocean98:7807669,DigitalOcean,"Senior Solutions Architect II, AI/ML",San Francisco,https://www.digitalocean.com/careers/position/apply/?gh_jid=7807669,2026-04-10T13:50:48-04:00,greenhouse,2026-09-01T03:52:09Z,Solutions Architects,,,AWS; Ansible; Bash; CI/CD; Customer Success; Docker; Generative AI; Git; Go; Google Cloud; Kubernetes; LLMs; Linux; Microsoft Azure; MongoDB; MySQL; PostgreSQL; PyTorch; Python; Redis; Ruby; TensorFlow; Terraform,AI / Machine Learning,Lead / Staff,On-site,,,
greenhouse:digitalocean98:7586093,DigitalOcean,"Senior Staff Product Manager, Security Products",Seattle,https://www.digitalocean.com/careers/position/apply/?gh_jid=7586093,2026-02-06T11:10:39-05:00,greenhouse,2026-09-01T03:52:09Z,Security,,,Application Security; Observability,Security,Manager,On-site,,,
greenhouse:digitalocean98:7586091,DigitalOcean,"Senior Staff Product Manager, Security Products",Boston,https://www.digitalocean.com/careers/position/apply/?gh_jid=7586091,2026-02-06T11:10:01-05:00,greenhouse,2026-09-01T03:52:09Z,Security,,,Application Security; Observability,Security,Manager,On-site,,,
greenhouse:digitalocean98:7872835,DigitalOcean,"Senior Technical Account Manager, AI/ML",San Francisco,https://www.digitalocean.com/careers/position/apply/?gh_jid=7872835,2026-06-03T16:59:31-04:00,greenhouse,2026-09-01T03:52:09Z,Customer Success,,,AWS; Account Management; Ansible; CI/CD; Customer Success; Docker; Git; Go; Google Cloud; Kubernetes; Linux; Microsoft Azure; MongoDB; MySQL; Python; SQL; Salesforce; Terraform,AI / Machine Learning,Manager,On-site,,,
greenhouse:digitalocean98:8001209,DigitalOcean,"Senior Technical Account Manager, AI/ML",Seattle,https://www.digitalocean.com/careers/position/apply/?gh_jid=8001209,2026-06-11T13:34:30-04:00,greenhouse,2026-09-01T03:52:09Z,Customer Success,,,AWS; Account Management; Ansible; CI/CD; Customer Success; Docker; Git; Go; Google Cloud; Kubernetes; Linux; Microsoft Azure; MongoDB; MySQL; Python; SQL; Salesforce; Terraform,AI / Machine Learning,Manager,On-site,,,
greenhouse:digitalocean98:7987334,DigitalOcean,"Software Engineer II, AI/ML",Bengaluru,https://www.digitalocean.com/careers/position/apply/?gh_jid=7987334,2026-08-13T02:48:51-04:00,greenhouse,2026-09-01T03:52:09Z,Security,,,CI/CD; Git; Go; Java; Kubernetes; LLMs; Observability; Python; RAG; TypeScript,AI / Machine Learning,Mid Level,On-site,,,
greenhouse:digitalocean98:7987358,DigitalOcean,Software Engineer II - Identity & Access Management,Bengaluru,https://www.digitalocean.com/careers/position/apply/?gh_jid=7987358,2026-07-22T03:34:10-04:00,greenhouse,2026-09-01T03:52:09Z,Security,,,Go; Kubernetes; MySQL; SQL; Terraform,Engineering,Mid Level,On-site,,,
greenhouse:digitalocean98:7987419,DigitalOcean,Software Engineer II - Key Management Systems,Bengaluru,https://www.digitalocean.com/careers/position/apply/?gh_jid=7987419,2026-07-22T07:00:03-04:00,greenhouse,2026-09-01T03:52:09Z,Security,,,AWS; Go; Google Cloud; Kubernetes; MySQL; PostgreSQL; SOC 2; SQL; Terraform,Engineering,Mid Level,On-site,,,
greenhouse:digitalocean98:7775994,DigitalOcean,Sr. Cloud Support Engineer-Database,Bengaluru,https://www.digitalocean.com/careers/position/apply/?gh_jid=7775994,2026-04-17T07:39:59-04:00,greenhouse,2026-09-01T03:52:09Z,Customer Support,,,AWS; Ansible; Apache Kafka; Customer Success; Google Cloud; Helm; Incident Response; Kubernetes; Linux; Microsoft Azure; MongoDB; MySQL; Node.js; Observability; PHP; PostgreSQL; Python; Redis; Technical Support; Terraform,Customer Support,Senior,On-site,,,
greenhouse:digitalocean98:7776000,DigitalOcean,Sr.Cloud Support Engineer-Database,Hyderabad,https://www.digitalocean.com/careers/position/apply/?gh_jid=7776000,2026-04-07T14:46:54-04:00,greenhouse,2026-09-01T03:52:09Z,Customer Support,,,AWS; Ansible; Apache Kafka; Customer Success; Google Cloud; Helm; Incident Response; Kubernetes; Linux; Microsoft Azure; MongoDB; MySQL; Node.js; Observability; PHP; PostgreSQL; Python; Redis; Technical Support; Terraform,Customer Support,Senior,On-site,,,
greenhouse:digitalocean98:7975305,DigitalOcean,"Sr. Director of Engineering, Managed PostgreSQL and AI-Native Database Platform",Seattle,https://www.digitalocean.com/careers/position/apply/?gh_jid=7975305,2026-06-18T12:19:42-04:00,greenhouse,2026-09-01T03:52:09Z,PaaS,,,Incident Response; Microsoft Azure; Node.js; Observability; PostgreSQL; RAG; SQL,AI / Machine Learning,Director,On-site,,,
greenhouse:digitalocean98:7994157,DigitalOcean,Staff AI Architect,Boston,https://www.digitalocean.com/careers/position/apply/?gh_jid=7994157,2026-08-05T13:34:15-04:00,greenhouse,2026-09-01T03:52:09Z,Security,,,Go; Java; Kubernetes; LLMs; Observability; OpenTelemetry; Python; Salesforce; Snowflake; TypeScript,AI / Machine Learning,Lead / Staff,On-site,,,
greenhouse:digitalocean98:7722835,DigitalOcean,"Staff Engineer, Inference Optimizations",San Francisco,https://www.digitalocean.com/careers/position/apply/?gh_jid=7722835,2026-07-23T15:42:39-04:00,greenhouse,2026-09-01T03:52:09Z,Agentic AI,,,LLMs; Node.js; Product Management,Engineering,Lead / Staff,On-site,,,
greenhouse:digitalocean98:7722839,DigitalOcean,"Staff Engineer, Inference Optimizations",Seattle,https://www.digitalocean.com/careers/position/apply/?gh_jid=7722839,2026-06-29T11:16:19-04:00,greenhouse,2026-09-01T03:52:09Z,Agentic AI,,,LLMs; Node.js; Product Management,Engineering,Lead / Staff,On-site,,,
greenhouse:digitalocean98:7722838,DigitalOcean,"Staff Engineer, Inference Optimizations",Denver,https://www.digitalocean.com/careers/position/apply/?gh_jid=7722838,2026-07-23T15:44:27-04:00,greenhouse,2026-09-01T03:52:09Z,Agentic AI,,,LLMs; Node.js; Product Management,Engineering,Lead / Staff,On-site,,,
greenhouse:digitalocean98:7722837,DigitalOcean,"Staff Engineer, Inference Optimizations",Boston,https://www.digitalocean.com/careers/position/apply/?gh_jid=7722837,2026-07-23T15:43:48-04:00,greenhouse,2026-09-01T03:52:09Z,Agentic AI,,,LLMs; Node.js; Product Management,Engineering,Lead / Staff,On-site,,,
greenhouse:digitalocean98:7722836,DigitalOcean,"Staff Engineer, Inference Optimizations",Austin,https://www.digitalocean.com/careers/position/apply/?gh_jid=7722836,2026-07-23T15:43:18-04:00,greenhouse,2026-09-01T03:52:09Z,Agentic AI,,,LLMs; Node.js; Product Management,Engineering,Lead / Staff,On-site,,,
greenhouse:digitalocean98:7904380,DigitalOcean,"Staff Forward Deployed Engineer, AI/ML",Seattle,https://www.digitalocean.com/careers/position/apply/?gh_jid=7904380,2026-05-08T15:12:35-04:00,greenhouse,2026-09-01T03:52:09Z,IaaS & Data Centers,,,Kubernetes; LLMs; Node.js; Partnerships; Python,AI / Machine Learning,Lead / Staff,On-site,,,
greenhouse:digitalocean98:7904376,DigitalOcean,"Staff Forward Deployed Engineer, AI/ML",San Francisco,https://www.digitalocean.com/careers/position/apply/?gh_jid=7904376,2026-05-08T15:03:01-04:00,greenhouse,2026-09-01T03:52:09Z,IaaS & Data Centers,,,Kubernetes; LLMs; Node.js; Partnerships; Python,AI / Machine Learning,Lead / Staff,On-site,,,
greenhouse:digitalocean98:7986436,DigitalOcean,Staff Hardware Engineer,Seattle,https://www.digitalocean.com/careers/position/apply/?gh_jid=7986436,2026-06-16T18:30:07-04:00,greenhouse,2026-09-01T03:52:09Z,Physical Infrastructure,,,Ansible; Git; Go; Linux; Python,Engineering,Lead / Staff,On-site,,,
greenhouse:digitalocean98:7994106,DigitalOcean,Staff Network Security Engineer,Seattle,https://www.digitalocean.com/careers/position/apply/?gh_jid=7994106,2026-06-24T15:40:34-04:00,greenhouse,2026-09-01T03:52:09Z,Security,,,Cloudflare; DDoS Mitigation; DNS; Git; Grafana; Incident Response; Linux; Observability; Penetration Testing; Prometheus; Python,Security,Lead / Staff,On-site,,,
greenhouse:digitalocean98:7994104,DigitalOcean,Staff Network Security Engineer,Boston,https://www.digitalocean.com/careers/position/apply/?gh_jid=7994104,2026-06-24T15:38:27-04:00,greenhouse,2026-09-01T03:52:09Z,Security,,,Cloudflare; DDoS Mitigation; DNS; Git; Grafana; Incident Response; Linux; Observability; Penetration Testing; Prometheus; Python,Security,Lead / Staff,On-site,,,
greenhouse:digitalocean98:8132459,DigitalOcean,Staff Network Security Engineer,United States,https://www.digitalocean.com/careers/position/apply/?gh_jid=8132459,2026-08-17T11:42:41-04:00,greenhouse,2026-09-01T03:52:09Z,Security,,,Cloudflare; DDoS Mitigation; DNS; Git; Grafana; Incident Response; Linux; Observability; Penetration Testing; Prometheus; Python,Security,Lead / Staff,On-site,,,
greenhouse:digitalocean98:7986820,DigitalOcean,Staff Product Manager,Seattle,https://www.digitalocean.com/careers/position/apply/?gh_jid=7986820,2026-06-22T21:36:10-04:00,greenhouse,2026-09-01T03:52:09Z,PaaS,,,AI Agents; Apache; Product Management; RAG; SQL; Vector Databases,Product,Manager,On-site,,,
greenhouse:digitalocean98:8030883,DigitalOcean,"Staff Product Security Engineer, Secure Design (Kernel and Virtualization)",United States,https://www.digitalocean.com/careers/position/apply/?gh_jid=8030883,2026-06-26T12:35:56-04:00,greenhouse,2026-09-01T03:52:09Z,Security,,,CI/CD; Go; Rust,Security,Lead / Staff,On-site,,,
greenhouse:digitalocean98:7994132,DigitalOcean,"Staff Product Security Engineer, Secure Design (Kernel and Virtualization)",Boston,https://www.digitalocean.com/careers/position/apply/?gh_jid=7994132,2026-06-24T14:20:12-04:00,greenhouse,2026-09-01T03:52:09Z,Security,,,CI/CD; Go; Rust,Security,Lead / Staff,On-site,,,
greenhouse:digitalocean98:7994134,DigitalOcean,"Staff Product Security Engineer, Secure Design (Kernel and Virtualization)",Seattle,https://www.digitalocean.com/careers/position/apply/?gh_jid=7994134,2026-06-24T14:21:36-04:00,greenhouse,2026-09-01T03:52:09Z,Security,,,CI/CD; Go; Rust,Security,Lead / Staff,On-site,,,
greenhouse:digitalocean98:8089647,DigitalOcean,"Staff Program Manager, Marketing Operations",Austin,https://www.digitalocean.com/careers/position/apply/?gh_jid=8089647,2026-07-28T14:54:23-04:00,greenhouse,2026-09-01T03:52:09Z,Marketing,,,,Marketing,Manager,On-site,,,
greenhouse:digitalocean98:8089646,DigitalOcean,"Staff Program Manager, Marketing Operations",San Francisco,https://www.digitalocean.com/careers/position/apply/?gh_jid=8089646,2026-07-28T14:53:38-04:00,greenhouse,2026-09-01T03:52:09Z,Marketing,,,,Marketing,Manager,On-site,,,
greenhouse:digitalocean98:8089648,DigitalOcean,"Staff Program Manager, Marketing Operations",Boston,https://www.digitalocean.com/careers/position/apply/?gh_jid=8089648,2026-07-28T14:54:42-04:00,greenhouse,2026-09-01T03:52:09Z,Marketing,,,,Marketing,Manager,On-site,,,
greenhouse:digitalocean98:8089649,DigitalOcean,"Staff Program Manager, Marketing Operations",Denver,https://www.digitalocean.com/careers/position/apply/?gh_jid=8089649,2026-07-28T14:55:12-04:00,greenhouse,2026-09-01T03:52:09Z,Marketing,,,,Marketing,Manager,On-site,,,
greenhouse:digitalocean98:8089650,DigitalOcean,"Staff Program Manager, Marketing Operations",Seattle,https://www.digitalocean.com/careers/position/apply/?gh_jid=8089650,2026-07-28T14:55:32-04:00,greenhouse,2026-09-01T03:52:09Z,Marketing,,,,Marketing,Manager,On-site,,,
greenhouse:digitalocean98:7986414,DigitalOcean,Staff Software Engineer-AI,Hyderabad,https://www.digitalocean.com/careers/position/apply/?gh_jid=7986414,2026-06-12T04:18:16-04:00,greenhouse,2026-09-01T03:52:09Z,Agentic AI,,,AI Agents; Go; LLMs; Observability; Python,AI / Machine Learning,Lead / Staff,On-site,,,
greenhouse:digitalocean98:7714480,DigitalOcean,Staff Software Engineer: AI Inference Data Plane,San Francisco,https://www.digitalocean.com/careers/position/apply/?gh_jid=7714480,2026-03-17T12:53:14-04:00,greenhouse,2026-09-01T03:52:09Z,IaaS & Data Centers,,,Generative AI; Go; Kubernetes; LLMs; Load Balancing; Observability; Python,AI / Machine Learning,Lead / Staff,On-site,,,
greenhouse:digitalocean98:7714484,DigitalOcean,Staff Software Engineer: AI Inference Data Plane,Seattle,https://www.digitalocean.com/careers/position/apply/?gh_jid=7714484,2026-03-17T12:54:27-04:00,greenhouse,2026-09-01T03:52:09Z,IaaS & Data Centers,,,Generative AI; Go; Kubernetes; LLMs; Load Balancing; Observability; Python,AI / Machine Learning,Lead / Staff,On-site,,,
greenhouse:digitalocean98:7987220,DigitalOcean,"Staff Software Engineer, AI/ML",Seattle,https://www.digitalocean.com/careers/position/apply/?gh_jid=7987220,2026-06-23T21:19:46-04:00,greenhouse,2026-09-01T03:52:09Z,Agentic AI,,,AI Agents; Generative AI; LLMs; Observability; Python,AI / Machine Learning,Lead / Staff,On-site,,,
greenhouse:digitalocean98:7987406,DigitalOcean,Staff Software Engineer-Security Products,Bengaluru,https://www.digitalocean.com/careers/position/apply/?gh_jid=7987406,2026-08-17T12:45:10-04:00,greenhouse,2026-09-01T03:52:09Z,Security,,,AWS; Go; Google Cloud; ISO 27001; Microsoft Azure; SOC 2,Security,Lead / Staff,On-site,,,
greenhouse:digitalocean98:8014471,DigitalOcean,Strategic Technical Account Manager (TAM),Singapore,https://www.digitalocean.com/careers/position/apply/?gh_jid=8014471,2026-07-13T01:18:43-04:00,greenhouse,2026-09-01T03:52:09Z,Revenue Operations,,,AWS; Account Management; Ansible; CI/CD; Docker; Go; Google Cloud; Incident Response; Kubernetes; Linux; MLOps; Microsoft Azure; Observability; PyTorch; Python; TensorFlow; Terraform,Customer Success,Manager,On-site,,,
greenhouse:digitalocean98:7826696,DigitalOcean,Strategy Director,San Francisco,https://www.digitalocean.com/careers/position/apply/?gh_jid=7826696,2026-04-20T12:29:26-04:00,greenhouse,2026-09-01T03:52:09Z,Business Operations,,,,Operations,Director,On-site,,,
greenhouse:digitalocean98:8162756,DigitalOcean,Systems Engineer I,Seattle,https://www.digitalocean.com/careers/position/apply/?gh_jid=8162756,2026-08-27T17:47:51-04:00,greenhouse,2026-09-01T03:52:09Z,Infrastructure,,,Observability; Python,Infrastructure / SRE,Entry Level,On-site,,,
greenhouse:digitalocean98:7823426,DigitalOcean,Talent Success Business Partner (8 Months Contract),Hyderabad,https://www.digitalocean.com/careers/position/apply/?gh_jid=7823426,2026-04-20T06:38:05-04:00,greenhouse,2026-09-01T03:52:09Z,People,,,,HR / People,Unknown,On-site,,,
workday:web:R15075,Newfold Digital,Account Services II,2 Locations,https://web.wd1.myworkdayjobs.com/ExternalCareerSite/job/Nova-Scotia-Canada---Remote/Account-Services-II_R15075,2026-08-31,workday,2026-09-01T03:52:09Z,,,,Account Management,Other,Mid Level,On-site,,,
workday:web:R15074,Newfold Digital,Marketing Account Manager,2 Locations,https://web.wd1.myworkdayjobs.com/ExternalCareerSite/job/Nova-Scotia-Canada---Remote/Marketing-Account-Manager_R15074,2026-08-31,workday,2026-09-01T03:52:09Z,,,,Account Management,Marketing,Manager,On-site,,,
workday:web:R15073,Newfold Digital,Digital Marketing Account Manager,2 Locations,https://web.wd1.myworkdayjobs.com/ExternalCareerSite/job/Nova-Scotia-Canada---Remote/Digital-Marketing-Account-Manager_R15073,2026-08-31,workday,2026-09-01T03:52:09Z,,,,Account Management,Marketing,Manager,On-site,,,
workday:web:R15072,Newfold Digital,Online Marketing Account Manager,2 Locations,https://web.wd1.myworkdayjobs.com/ExternalCareerSite/job/Nova-Scotia-Canada---Remote/Online-Marketing-Account-Manager_R15072,2026-08-31,workday,2026-09-01T03:52:09Z,,,,Account Management,Marketing,Manager,On-site,,,
workday:web:R15070,Newfold Digital,Program Manager,United States - Remote,https://web.wd1.myworkdayjobs.com/ExternalCareerSite/job/United-States---Remote/Program-Manager_R15070,2026-08-31,workday,2026-09-01T03:52:09Z,,,,Product Management,Operations,Manager,Remote,,,
workday:web:R15071,Newfold Digital,Estágio de Controladoria,"Florianopolis, Brazil",https://web.wd1.myworkdayjobs.com/ExternalCareerSite/job/Florianopolis-Brazil/Estgio-de-Controladoria_R15071-2,2026-08-31,workday,2026-09-01T03:52:09Z,,,,,Other,Unknown,On-site,,,
workday:web:R15069,Newfold Digital,Consultor de Vendas Junior (SaaS),Brazil - Remote,https://web.wd1.myworkdayjobs.com/ExternalCareerSite/job/Brazil---Remote/Consultor-de-Vendas-Junior--SaaS-_R15069-1,2026-08-31,workday,2026-09-01T03:52:09Z,,,,,Other,Entry Level,Remote,,,
workday:web:R15055,Newfold Digital,Technical Support IV Agentic,"Mumbai, India",https://web.wd1.myworkdayjobs.com/ExternalCareerSite/job/Mumbai-India/Technical-Support-IV-Agentic_R15055-1,2026-08-31,workday,2026-09-01T03:52:09Z,,,,DNS; Linux; Next.js; Node.js; Technical Support,Customer Support,Senior,On-site,,,
workday:web:R15058,Newfold Digital,Lead AI Back-End Engineer,Canada - Remote,https://web.wd1.myworkdayjobs.com/ExternalCareerSite/job/Canada---Remote/Lead-AI-Engineer_R15058,2026-08-28,workday,2026-09-01T03:52:10Z,,,,Apache Kafka; C#; CI/CD; Docker; GitHub Actions; Jenkins; LLMs; Microsoft Azure; Observability; OpenTelemetry; PostgreSQL; Python; RAG,AI / Machine Learning,Lead / Staff,Remote,,,
workday:web:R15036,Newfold Digital,Abuse Mitigation & Compliance Associate,"Mumbai, India",https://web.wd1.myworkdayjobs.com/ExternalCareerSite/job/Mumbai-India/Abuse-Mitigation---Compliance-Associate_R15036,2026-08-28,workday,2026-09-01T03:52:10Z,,,,WordPress,Security,Entry Level,On-site,,,
workday:web:R14466,Newfold Digital,HR Business Partner,United States - Remote,https://web.wd1.myworkdayjobs.com/ExternalCareerSite/job/United-States---Remote/HR-Business-Partner_R14466,2026-08-26,workday,2026-09-01T03:52:10Z,,,,,HR / People,Unknown,Remote,,,
workday:web:R15052,Newfold Digital,Sales Learning Specialist,"Cebu, Philippines",https://web.wd1.myworkdayjobs.com/ExternalCareerSite/job/Cebu-Philippines/Sales-Learning-Specialist_R15052,2026-08-26,workday,2026-09-01T03:52:10Z,,,,,Sales,Unknown,On-site,,,
workday:web:R15037,Newfold Digital,Lead Generation Specialist,"Cebu, Philippines",https://web.wd1.myworkdayjobs.com/ExternalCareerSite/job/Cebu-Philippines/Lead-Generation-Specialist_R15037,2026-08-25,workday,2026-09-01T03:52:10Z,,,,Customer Success,Other,Lead / Staff,On-site,,,
workday:web:R14760,Newfold Digital,Sales Development Representative- Chat,"Cebu, Philippines",https://web.wd1.myworkdayjobs.com/ExternalCareerSite/job/Cebu-Philippines/Sales-Chat-Consultant_R14760,2026-08-24,workday,2026-09-01T03:52:10Z,,,,Customer Success,Sales,Unknown,On-site,,,
workday:web:R15035,Newfold Digital,Domain Support Associate,"Cebu, Philippines",https://web.wd1.myworkdayjobs.com/ExternalCareerSite/job/Cebu-Philippines/Domain-Support-Associate_R15035,2026-08-24,workday,2026-09-01T03:52:10Z,,,,Technical Support,Customer Support,Entry Level,On-site,,,
workday:web:R14939,Newfold Digital,SDR Supervisor,United States - Remote,https://web.wd1.myworkdayjobs.com/ExternalCareerSite/job/United-States---Remote/SDR-Supervisor_R14939-1,2026-08-20,workday,2026-09-01T03:52:10Z,,,,SQL; Salesforce,Sales,Unknown,Remote,,,
workday:web:R14970,Newfold Digital,"Software Engineering, Manager","Mumbai, India",https://web.wd1.myworkdayjobs.com/ExternalCareerSite/job/Mumbai-India/Software-Engineering--Manager_R14970,2026-08-19,workday,2026-09-01T03:52:10Z,,,,Apache Kafka; CDN; CI/CD; Docker; Elasticsearch; Git; Go; Java; JavaScript; Jenkins; Kubernetes; LLMs; Next.js; Node.js; PHP; Python; React; TypeScript; WordPress,Engineering,Manager,On-site,,,
workday:web:R14983,Newfold Digital,"Principal Product Manager, Agentic Experiences",United States - Remote,https://web.wd1.myworkdayjobs.com/ExternalCareerSite/job/United-States---Remote/Principal-Product-Manager--Agentic-Experiences_R14983-1,2026-08-18,workday,2026-09-01T03:52:10Z,,,,LLMs; Observability; Product Management; RAG,Product,Manager,Remote,,,
workday:web:R15017,Newfold Digital,"Senior Manager, Employee Experience","Cebu, Philippines",https://web.wd1.myworkdayjobs.com/ExternalCareerSite/job/Cebu-Philippines/Senior-Manager--Employee-Experience_R15017,2026-08-19,workday,2026-09-01T03:52:10Z,,,,WordPress,Other,Manager,On-site,,,
workday:web:R14602,Newfold Digital,Account Services II,2 Locations,https://web.wd1.myworkdayjobs.com/ExternalCareerSite/job/Nova-Scotia-Canada---Remote/Account-Services-II_R14602,2026-08-18,workday,2026-09-01T03:52:10Z,,,,Account Management,Other,Mid Level,On-site,,,
workday:web:R15018,Newfold Digital,Call Center Trainer,"Cebu, Philippines",https://web.wd1.myworkdayjobs.com/ExternalCareerSite/job/Cebu-Philippines/Call-Center-Trainer_R15018,2026-08-18,workday,2026-09-01T03:52:10Z,,,,,Other,Unknown,On-site,,,
workday:web:R15000,Newfold Digital,Sales Consultant - Chat,"Cebu, Philippines",https://web.wd1.myworkdayjobs.com/ExternalCareerSite/job/Cebu-Philippines/Sales-Consultant---Chat_R15000,2026-08-18,workday,2026-09-01T03:52:10Z,,,,,Sales,Unknown,On-site,,,
workday:web:R14345,Newfold Digital,Technical Trainer,"Cebu, Philippines",https://web.wd1.myworkdayjobs.com/ExternalCareerSite/job/Cebu-Philippines/Technical-Trainer_R14345-1,2026-08-17,workday,2026-09-01T03:52:10Z,,,,,Other,Unknown,On-site,,,
workday:web:R14175,Newfold Digital,Customer Service Representative,"Cebu, Philippines",https://web.wd1.myworkdayjobs.com/ExternalCareerSite/job/Cebu-Philippines/Customer-Service-Representative_R14175-1,2026-08-17,workday,2026-09-01T03:52:10Z,,,,Observability; Technical Support,Customer Support,Unknown,On-site,,,
workday:web:R13822,Newfold Digital,Senior Programmatic Media Manager,United States - Remote,https://web.wd1.myworkdayjobs.com/ExternalCareerSite/job/United-States---Remote/Senior-Performance-Media-Manager_R13822-1,2026-08-14,workday,2026-09-01T03:52:10Z,,,,Project Management; Salesforce; Tableau,Other,Manager,Remote,,,
workday:web:R14989,Newfold Digital,Site Reliability Engineer,"Mumbai, India",https://web.wd1.myworkdayjobs.com/ExternalCareerSite/job/Mumbai-India/Site-Reliability-Engineer_R14989,2026-08-14,workday,2026-09-01T03:52:10Z,,,,AWS; Ansible; Apache; Go; Google Cloud; Linux; Microsoft Azure; Nginx; Observability; Python; Terraform,Infrastructure / SRE,Unknown,On-site,,,
workday:web:R14986,Newfold Digital,Sales Consultant (Outbound),"Mumbai, India",https://web.wd1.myworkdayjobs.com/ExternalCareerSite/job/Mumbai-India/OOutbound-Sales-Executive_R14986,2026-08-14,workday,2026-09-01T03:52:10Z,,,,WordPress,Sales,Unknown,On-site,,,
workday:web:R14589,Newfold Digital,Associate Sales,India - Remote,https://web.wd1.myworkdayjobs.com/ExternalCareerSite/job/India---Remote/Associate-Sales_R14589,2026-08-14,workday,2026-09-01T03:52:10Z,,,,Product Management; WordPress,Sales,Entry Level,Remote,,,
workday:web:R13766,Newfold Digital,Technical Support Associate (Voice),"Cebu, Philippines",https://web.wd1.myworkdayjobs.com/ExternalCareerSite/job/Cebu-Philippines/Product-Support-Associate_R13766,2026-08-12,workday,2026-09-01T03:52:10Z,,,,DNS; Technical Support; WordPress; cPanel,Customer Support,Entry Level,On-site,,,
workday:web:R14546,Newfold Digital,Billing and Risk Mitigation Associate,"Cebu, Philippines",https://web.wd1.myworkdayjobs.com/ExternalCareerSite/job/Cebu-Philippines/Billing-and-Risk-Mitigation-Associate_R14546,2026-08-12,workday,2026-09-01T03:52:10Z,,,,,Finance,Entry Level,On-site,,,
workday:web:R14966,Newfold Digital,Sales Development Representative,Texas - Remote,https://web.wd1.myworkdayjobs.com/ExternalCareerSite/job/Texas---Remote/Sales-Development-Representative_R14966,2026-08-07,workday,2026-09-01T03:52:10Z,,,,Customer Success,Sales,Unknown,Remote,,,
workday:web:R14717,Newfold Digital,Product Support Associate (Freshers),India - Remote,https://web.wd1.myworkdayjobs.com/ExternalCareerSite/job/India---Remote/Technical-Chat-Support_R14717,2026-08-06,workday,2026-09-01T03:52:10Z,,,,DNS; Linux; Plesk; WordPress; cPanel,Customer Support,Entry Level,Remote,,,
workday:web:R14844,Newfold Digital,"Director, Storefront",United States - Remote,https://web.wd1.myworkdayjobs.com/ExternalCareerSite/job/United-States---Remote/Vice-President--Storefront_R14844,2026-07-30,workday,2026-09-01T03:52:10Z,,,,Customer Success; Partnerships,Other,Director,Remote,,,
workday:web:R14860,Newfold Digital,"Sr. Director, Performance Marketing",United States - Remote,https://web.wd1.myworkdayjobs.com/ExternalCareerSite/job/United-States---Remote/Vice-President--Performance-Marketing_R14860,2026-07-30,workday,2026-09-01T03:52:10Z,,,,HubSpot; Partnerships; Performance Marketing,Marketing,Director,Remote,,,
workday:web:R14071,Newfold Digital,Retention Associate,"Cebu, Philippines",https://web.wd1.myworkdayjobs.com/ExternalCareerSite/job/Cebu-Philippines/Retention-Associate_R14071,2026-07-28,workday,2026-09-01T03:52:10Z,,,,DNS; Technical Support,Other,Entry Level,On-site,,,
workday:web:R14838,Newfold Digital,Senior Software Engineer – Platform Engineering,"Mumbai, India",https://web.wd1.myworkdayjobs.com/ExternalCareerSite/job/Mumbai-India/Senior-Software-Engineer---Platform-Engineering_R14838,2026-07-27,workday,2026-09-01T03:52:10Z,,,,Argo CD; Bash; CDN; CI/CD; Cloudflare; DNS; Datadog; Docker; Git; GitHub Actions; Grafana; Helm; Jenkins; Kubernetes; Linux; Load Balancing; Node.js; Observability; OpenTelemetry; Prometheus; Python; Terraform; WAF,Infrastructure / SRE,Senior,On-site,,,
workday:web:R14825,Newfold Digital,Outbound Sales Consultant,"Mumbai, India",https://web.wd1.myworkdayjobs.com/ExternalCareerSite/job/Mumbai-India/Outbound-Sales-Consultant_R14825-1,2026-07-25,workday,2026-09-01T03:52:10Z,,,,WordPress,Sales,Unknown,On-site,,,
workday:web:R14831,Newfold Digital,Enterprise Technical Account Manager,United States - Remote,https://web.wd1.myworkdayjobs.com/ExternalCareerSite/job/United-States---Remote/Enterprise-Technical-Account-Manager_R14831-1,2026-07-24,workday,2026-09-01T03:52:10Z,,,,AWS; Customer Success; DNS; Google Cloud; Kubernetes; Linux; Microsoft Azure; Observability; Product Management; Project Management; Technical Support; Terraform,Customer Success,Manager,Remote,,,
workday:web:R14782,Newfold Digital,Java Backend Software Engineer,"Mumbai, India",https://web.wd1.myworkdayjobs.com/ExternalCareerSite/job/Mumbai-India/Java-Backend-Software-Engineer_R14782,2026-07-22,workday,2026-09-01T03:52:10Z,,,,AWS; Apache Kafka; CI/CD; Docker; Git; Google Cloud; Grafana; Java; Kubernetes; Microsoft Azure; MySQL; OpenTelemetry; PostgreSQL; Prometheus; Redis; SQL,Engineering,Unknown,On-site,,,
workday:web:R14790,Newfold Digital,Event Marketing Manager,United States - Remote,https://web.wd1.myworkdayjobs.com/ExternalCareerSite/job/United-States---Remote/Event-Marketing-Manager_R14790,2026-07-20,workday,2026-09-01T03:52:10Z,,,,HubSpot; Partnerships; SQL; Salesforce; WordPress,Marketing,Manager,Remote,,,
workable:rocket-dot-n-et:EC37B2D13B,Rocket.net,Shift Lead Supervisor - WordPress Support,"Jupiter, United States",https://apply.workable.com/rocket-dot-n-et/j/EC37B2D13B/,2026-08-05T00:00:00.000Z,workable,2026-09-01T03:52:10Z,Support,full,Remote,Account Management; Apache; CDN; Cloudflare; DNS; Linux; MySQL; Nginx; Observability; PHP; Redis; Technical Support; WAF; WP-CLI; WordPress; cPanel,Customer Support,Lead / Staff,Remote,,,
workable:rocket-dot-n-et:64462A130D,Rocket.net,Site Reliability Engineer (SRE),"Jupiter, United States",https://apply.workable.com/rocket-dot-n-et/j/64462A130D/,2026-07-31T00:00:00.000Z,workable,2026-09-01T03:52:10Z,Support,full,Remote,Apache; Bash; CDN; Cloudflare; DNS; Datadog; Incident Response; Linux; MariaDB; MySQL; Nginx; Observability; PHP; Redis; Technical Support; WAF; WordPress,Infrastructure / SRE,Unknown,Remote,,,
workable:rocket-dot-n-et:21320F1D94,Rocket.net,WordPress Support Engineer,"Jupiter, United States",https://apply.workable.com/rocket-dot-n-et/j/21320F1D94/,2026-06-18T00:00:00.000Z,workable,2026-09-01T03:52:10Z,Support,full,Remote,Apache; CDN; Cloudflare; DNS; Linux; MySQL; Nginx; PHP; Redis; WAF; WP-CLI; WordPress; cPanel,Customer Support,Unknown,Remote,,,
generic:Servebolt:https://careers.servebolt.com/jobs/8011054-senior-systems-engineer,Servebolt,Senior Systems Engineer,,https://careers.servebolt.com/jobs/8011054-senior-systems-engineer,,generic,2026-09-01T03:52:10Z,,,,Ansible; Apache; Bash; CI/CD; DNS; Go; Incident Response; Linux; MariaDB; MongoDB; Node.js; Observability; PHP; PostgreSQL; Python; TypeScript,Infrastructure / SRE,Senior,Unknown,,,
generic:Servebolt:https://careers.servebolt.com/jobs/5701734-controller-business-administrator,Servebolt,Controller & Business Administrator,,https://careers.servebolt.com/jobs/5701734-controller-business-administrator,,generic,2026-09-01T03:52:10Z,,,,Apache,Finance,Unknown,Unknown,,,
